Date,Recipient,BusinessType,NAICS,Industry-2,Industry-3,Industry,RaceEthnicity,Gender,Veteran,NonProfit,Address,City,ZCTA,FIPS,County,CBSA,MSA,CDRegion,Jobs,Amount,Loans
2020-04-28,"P&R Forestry, Llc",LLC,113310,"Agriculture, Forestry, Fishing and Hunting",Forestry and Logging,Logging ,U,U,U,N,746 Forestry Trail,Summerville,30747.0,13055,Chattooga County,44900,"Summerville, GA",Northwest,140,931986,1
2020-04-05,"Try-Con Tufters, Inc.",Chapter,314110,Manufacturing,Textile Product Mills,Carpet and Rug Mills,White,Male Owned,Non-Veteran,N,5569 Highway 114,Lyerly,30730.0,13055,Chattooga County,44900,"Summerville, GA",Northwest,127,870025,1
2020-04-08,Wire Tech Ltd,Corp,334416,Manufacturing,Computer and Electronic Product Manufacturing,"Capacitor, Resistor, Coil, Transformer, and Other Inductor Manufacturing ",U,U,U,N,3567 Highway 48,Summerville,30747.0,13055,Chattooga County,44900,"Summerville, GA",Northwest,140,679800,1
2020-04-16,Smith Ironworks Inc,Corp,332312,Manufacturing,Fabricated Metal Product Manufacturing,Fabricated Structural Metal Manufacturing ,U,Male Owned,Non-Veteran,N,"5285 Highway 114,",Lyerly,30730.0,13055,Chattooga County,44900,"Summerville, GA",Northwest,68,632700,1
2020-04-14,"United Water Solutions, Inc",Chapter,221310,Utilities,Utilities,Water Supply and Irrigation Systems ,U,U,U,N,783 Tate Rd,Trion,30753.0,13055,Chattooga County,44900,"Summerville, GA",Northwest,60,625600,1
2020-04-14,North Georgia Textile Supply Company,Corp,423930,Wholesale Trade,"Merchant Wholesalers, Durable Goods",Recyclable Material Merchant Wholesalers ,White,U,U,N,850 Raccoon Creek Rd,Summerville,30747.0,13055,Chattooga County,44900,"Summerville, GA",Northwest,70,602278,1
2020-04-27,"Bc Holdings, Llc",LLC,551112,Management of Companies and Enterprises,Management of Companies and Enterprises,Offices of Other Holding Companies ,U,U,U,N,135 North Washington St,Summerville,30747.0,13055,Chattooga County,44900,"Summerville, GA",Northwest,74,455485,1
2020-04-27,Parker Systems Llc,LLC,517311,Information,Telecommunications,Wired Telecommunications Carriers ,White,Male Owned,U,N,10005 Commerce St,Summerville,30747.0,13055,Chattooga County,44900,"Summerville, GA",Northwest,30,405860,1
2020-04-13,"Dixie Specialty Fibers, Inc.",Corp,325220,Manufacturing,Chemical Manufacturing,Artificial and Synthetic Fibers and Filaments Manufacturing,U,U,U,N,15276 Highway 27,Trion,30753.0,13055,Chattooga County,44900,"Summerville, GA",Northwest,44,360580,1
2020-04-14,Triple J Logging Inc.,Chapter,113310,"Agriculture, Forestry, Fishing and Hunting",Forestry and Logging,Logging ,U,U,U,N,664 John Jones Road,Summerville,30747.0,13055,Chattooga County,44900,"Summerville, GA",Northwest,36,295700,1
2020-04-27,"Coley & Norton Mechanical, Inc.",Corp,811310,Other Services (except Public Administration),Repair and Maintenance,Commercial and Industrial Machinery and Equipment (except Automotive and Electronic) Repair and Maintenance ,U,U,U,N,"370 Coley Cliff Road,",Summerville,30747.0,13055,Chattooga County,44900,"Summerville, GA",Northwest,0,258700,1
2020-04-29,"Guffin Eleam, Inc",Corp,531210,Real Estate and Rental and Leasing,Real Estate,Offices of Real Estate Agents and Brokers,U,U,U,N,21 Georgia Avenue,Summerville,30747.0,13055,Chattooga County,44900,"Summerville, GA",Northwest,17,203600,1
2020-05-01,Serenity Acquisition Corporation,Corp,423450,Wholesale Trade,"Merchant Wholesalers, Durable Goods","Medical, Dental, and Hospital Equipment and Supplies Merchant Wholesalers ",White,Female Owned,Non-Veteran,N,14225 Highway 27,Trion,30753.0,13055,Chattooga County,44900,"Summerville, GA",Northwest,20,162500,1
2020-04-09,Summerville Veterinary Clinic,Corp,541940,"Professional, Scientific, and Technical Services","Professional, Scientific, and Technical Services",Veterinary Services ,U,Female Owned,Non-Veteran,N,94 Old Hix St,Summerville,30747.0,13055,Chattooga County,44900,"Summerville, GA",Northwest,17,126912,1
2020-04-29,Susan Webb,LLC,541219,"Professional, Scientific, and Technical Services","Professional, Scientific, and Technical Services",Other Accounting Services ,U,U,U,N,10529 Commerce Street,Summerville,30747.0,13055,Chattooga County,44900,"Summerville, GA",Northwest,0,113000,1
2020-04-14,Hames Industrial Inc,Corp,236210,Construction,Construction of Buildings,Industrial Building Construction ,U,U,U,N,14650 Hwy 151,Trion,30753.0,13055,Chattooga County,44900,"Summerville, GA",Northwest,9,101500,1
2020-04-07,"Superior Mechanical Services, Inc.",Chapter,236210,Construction,Construction of Buildings,Industrial Building Construction ,White,Male Owned,Veteran,N,15734 Highway 27,Trion,30753.0,13055,Chattooga County,44900,"Summerville, GA",Northwest,10,100041,1
2020-04-15,"Luckys Of Menlo, Llc",Chapter,445110,Retail Trade,Food and Beverage Stores,Supermarkets and Other Grocery (except Convenience) Stores ,U,U,U,N,7880 Highway 48,Menlo,30731.0,13055,Chattooga County,44900,"Summerville, GA",Northwest,30,96300,1
2020-04-13,Vista Health Products Llc,LLC,424210,Wholesale Trade,"Merchant Wholesalers, Nondurable Goods",Drugs and Druggists' Sundries Merchant Wholesalers ,White,Female Owned,U,N,10900 Commerce St,Summerville,30747.0,13055,Chattooga County,44900,"Summerville, GA",Northwest,27,95077,1
2020-04-14,Barnes Auto Body Inc Dba Cameron Motorsports,Corp,423110,Wholesale Trade,"Merchant Wholesalers, Durable Goods",Automobile and Other Motor Vehicle Merchant Wholesalers ,U,U,U,N,241 River Bluff Drive,Summerville,30747.0,13055,Chattooga County,44900,"Summerville, GA",Northwest,11,92900,1
2020-04-13,"Hammonds Auto Parts, Inc.",Corp,441310,Retail Trade,Motor Vehicle and Parts Dealers,Automotive Parts and Accessories Stores ,U,U,U,N,10495 Commerce St.,Summerville,30747.0,13055,Chattooga County,44900,"Summerville, GA",Northwest,8,91700,1
2020-04-29,"Farrar & Corbin, P.C.",Chapter,541110,"Professional, Scientific, and Technical Services","Professional, Scientific, and Technical Services",Offices of Lawyers,U,U,U,N,101 West Washington Street,Summerville,30747.0,13055,Chattooga County,44900,"Summerville, GA",Northwest,6,89400,1
2020-04-14,William Benefield,LLC,238160,Construction,Specialty Trade Contractors,Roofing Contractors ,U,U,U,N,68 Stockade Rd,Summerville,30747.0,13055,Chattooga County,44900,"Summerville, GA",Northwest,11,88200,1
2020-04-29,Ctl Industrial Inc,Corp,236210,Construction,Construction of Buildings,Industrial Building Construction ,U,U,U,N,18349 Hwy 27,Trion,30753.0,13055,Chattooga County,44900,"Summerville, GA",Northwest,10,87700,1
2020-04-15,Evans Welding And Fabrication Inc,Chapter,332313,Manufacturing,Fabricated Metal Product Manufacturing,Plate Work Manufacturing ,U,U,U,N,51 Cedar Drive,Summerville,30747.0,13055,Chattooga County,44900,"Summerville, GA",Northwest,10,83500,1
2020-04-29,Modern Electrical Technology Inc,Corp,238210,Construction,Specialty Trade Contractors,Electrical Contractors and Other Wiring Installation Contractors,U,U,U,N,4487 Trion Teloga Road,Summerville,30747.0,13055,Chattooga County,44900,"Summerville, GA",Northwest,7,82000,1
2020-05-01,Christopher T Keenan Dds Llc,LLC,621210,Health Care and Social Assistance,Ambulatory Health Care Services,Offices of Dentists ,U,U,U,N,64 Stockade Road,Summerville,30747.0,13055,Chattooga County,44900,"Summerville, GA",Northwest,0,80914,1
2020-04-08,Bryant & Sons Lumber Company,Chapter,444130,Retail Trade,Building Material and Garden Equipment and Supplies Dealers,Hardware Stores ,White,Male Owned,Non-Veteran,N,10461 Commerce St,Summerville,30747.0,13055,Chattooga County,44900,"Summerville, GA",Northwest,8,77623,1
2020-04-15,"R & D Electrical Contractors, Inc.",Chapter,238210,Construction,Specialty Trade Contractors,Electrical Contractors and Other Wiring Installation Contractors,U,U,U,N,146 Tucker Road,Summerville,30747.0,13055,Chattooga County,44900,"Summerville, GA",Northwest,0,74200,1
2020-05-15,"M & K Dawson, Inc.",Corp,113310,"Agriculture, Forestry, Fishing and Hunting",Forestry and Logging,Logging ,White,Male Owned,U,N,1704 Gore Subligna Rd,Summerville,30747.0,13055,Chattooga County,44900,"Summerville, GA",Northwest,13,71259,1
2020-04-08,"Espy Publishing Co, Inc.",Chapter,511110,Information,Publishing Industries (except Internet),Newspaper Publishers ,White,Male Owned,Non-Veteran,N,20 Wildlife Lake Road,Summerville,30747.0,13055,Chattooga County,44900,"Summerville, GA",Northwest,17,71151,1
2020-04-15,Richard R Miller Jr Dds Pc,LLC,621210,Health Care and Social Assistance,Ambulatory Health Care Services,Offices of Dentists ,U,U,U,N,19 Walnut Ave,Summerville,30747.0,13055,Chattooga County,44900,"Summerville, GA",Northwest,8,66088,1
2020-04-07,"Copper10, Llc",LLC,722511,Accommodation and Food Services,Food Services and Drinking Places,Full-Service Restaurants ,White,Male Owned,Non-Veteran,N,10096 Commerce St,Summerville,30747.0,13055,Chattooga County,44900,"Summerville, GA",Northwest,21,64568,1
2020-04-13,Cook And Connelly Llc,LLC,541110,"Professional, Scientific, and Technical Services","Professional, Scientific, and Technical Services",Offices of Lawyers,U,U,U,N,9899 Commerce Street,Summerville,30747.0,13055,Chattooga County,44900,"Summerville, GA",Northwest,7,58500,1
2020-04-14,K & L Dawson Inc,Chapter,113310,"Agriculture, Forestry, Fishing and Hunting",Forestry and Logging,Logging ,U,U,U,N,3076 Gore Subligna Rd,Summerville,30747.0,13055,Chattooga County,44900,"Summerville, GA",Northwest,8,55100,1
2020-04-16,W Kirk Krueger Dds Pc,Corp,621210,Health Care and Social Assistance,Ambulatory Health Care Services,Offices of Dentists ,U,U,U,N,176 Central Ave,Trion,30753.0,13055,Chattooga County,44900,"Summerville, GA",Northwest,7,53500,1
2020-04-08,"S&S Butane Gas Service, Inc.",Corp,221210,Utilities,Utilities,Natural Gas Distribution ,U,U,U,N,215 Hwy 48,Summerville,30747.0,13055,Chattooga County,44900,"Summerville, GA",Northwest,6,48100,1
2020-04-16,Aaron Reed Electric Llc,LLC,238210,Construction,Specialty Trade Contractors,Electrical Contractors and Other Wiring Installation Contractors,U,U,U,N,987 Sheilds Rd,Summerville,30747.0,13055,Chattooga County,44900,"Summerville, GA",Northwest,7,45000,1
2020-05-26,Bedflat Trucking,LLC,484110,Transportation and Warehousing,Truck Transportation,"General Freight Trucking, Local ",U,U,U,N,275 Church Street,Summerville,30747.0,13055,Chattooga County,44900,"Summerville, GA",Northwest,4,45000,1
2020-04-10,"Daily Care Of Summerville, P.C.",Corp,621399,Health Care and Social Assistance,Ambulatory Health Care Services,Offices of All Other Miscellaneous Health Practitioners ,U,U,U,N,411 East Washington Street,Summerville,30747.0,13055,Chattooga County,44900,"Summerville, GA",Northwest,11,44300,1
2020-04-06,"Chrysan Thomas, Cpa, Pc",Corp,541211,"Professional, Scientific, and Technical Services","Professional, Scientific, and Technical Services",Offices of Certified Public Accountants ,White,Female Owned,Non-Veteran,N,13885 Highway 27 North,Trion,30753.0,13055,Chattooga County,44900,"Summerville, GA",Northwest,6,41183,1
2020-05-01,"Cherokee Eagle, Inc. Dba Crossroads Family Pharmacy",Corp,446110,Retail Trade,Health and Personal Care Stores,Pharmacies and Drug Stores ,U,U,U,N,7838 Highway 48,Menlo,30731.0,13055,Chattooga County,44900,"Summerville, GA",Northwest,6,41118,1
2020-04-10,White'S Alignment And Tire Inc,Corp,811111,Other Services (except Public Administration),Repair and Maintenance,General Automotive Repair ,U,U,U,N,92 Oil Mill Raod,Summerville,30747.0,13055,Chattooga County,44900,"Summerville, GA",Northwest,6,39200,1
2020-04-14,Grantoak Inc,Chapter,236115,Construction,Construction of Buildings,New Single-Family Housing Construction (except For-Sale Builders) ,U,U,U,N,771 Farmersville Rd,Summerville,30747.0,13055,Chattooga County,44900,"Summerville, GA",Northwest,4,39200,1
2020-04-06,"Wright'S Sanitation Services, Llc",LLC,562111,Administrative and Support and Waste Management and Remediation Services,Waste Management and Remediation Services,Solid Waste Collection ,White,Male Owned,Non-Veteran,N,235 Oil Mill Road,Summerville,30747.0,13055,Chattooga County,44900,"Summerville, GA",Northwest,9,37950,1
2020-04-08,"Chattooga Tank & Pipe, Inc.",Chapter,562991,Administrative and Support and Waste Management and Remediation Services,Waste Management and Remediation Services,Septic Tank and Related Services ,Hispanic,Male Owned,U,N,11 Halls Valley Dr,Trion,30753.0,13055,Chattooga County,44900,"Summerville, GA",Northwest,6,37504,1
2020-05-01,State Farm,Sole Oroprietor,524210,Finance and Insurance,Insurance Carriers and Related Activities,Insurance Agencies and Brokerages ,U,U,U,N,10513 Commerce Street,Summerville,30747.0,13055,Chattooga County,44900,"Summerville, GA",Northwest,5,35800,1
2020-04-07,Summerville Montessori School Inc.,Corp,611110,Educational Services,Educational Services,Elementary and Secondary Schools ,U,U,U,N,23 Edmondson Street,Summerville,30747.0,13055,Chattooga County,44900,"Summerville, GA",Northwest,6,35300,1
2020-04-08,The Crushed Tomato,Corp,722511,Accommodation and Food Services,Food Services and Drinking Places,Full-Service Restaurants ,U,U,U,N,120 Forrest Blade Dr,Summerville,30747.0,13055,Chattooga County,44900,"Summerville, GA",Northwest,22,31800,1
2020-05-01,Camp Woodmont Inc,Corp,721214,Accommodation and Food Services,Accommodation,Recreational and Vacation Camps (except Campgrounds) ,U,U,U,N,381 Moonlight Drive,Cloudland,30731.0,13055,Chattooga County,44900,"Summerville, GA",Northwest,0,31700,1
2020-04-06,"Law Offices, Pc",Chapter,541110,"Professional, Scientific, and Technical Services","Professional, Scientific, and Technical Services",Offices of Lawyers,White,Male Owned,Non-Veteran,N,136 Highway 48,Summerville,30747.0,13055,Chattooga County,44900,"Summerville, GA",Northwest,5,30043,1
2020-06-05,Palmour Law Firm,Sole Oroprietor,922130,Public Administration,"Justice, Public Order, and Safety Activities",Legal Counsel and Prosecution ,U,U,U,N,9933 Commerce Street,Summerville,30747.0,13055,Chattooga County,44900,"Summerville, GA",Northwest,3,28821,1
2020-04-15,Blankenships Reece Tire And Service Center Llc,LLC,441320,Retail Trade,Motor Vehicle and Parts Dealers,Tire Dealers ,U,U,U,N,46 Lake Wanda Rieta Road,Summerville,30747.0,13055,Chattooga County,44900,"Summerville, GA",Northwest,6,28400,1
2020-04-14,"Chattooga Truck & Tire Center, Inc",Chapter,811111,Other Services (except Public Administration),Repair and Maintenance,General Automotive Repair ,White,Male Owned,Non-Veteran,N,251 John Bankson Dr,Summerville,30747.0,13055,Chattooga County,44900,"Summerville, GA",Northwest,4,28200,1
2020-04-10,"Eason Cable Enterprises, Llc",LLC,713940,"Arts, Entertainment, and Recreation","Amusement, Gambling, and Recreation Industries",Fitness and Recreational Sports Centers ,White,Female Owned,Non-Veteran,N,603 E 1St St,Summerville,30747.0,13055,Chattooga County,44900,"Summerville, GA",Northwest,6,28000,1
2020-04-29,Zhou Dong,Self-Employed,722511,Accommodation and Food Services,Food Services and Drinking Places,Full-Service Restaurants ,U,U,U,N,11260 Hwy 27,Summerville,30747.0,13055,Chattooga County,44900,"Summerville, GA",Northwest,0,27200,1
2020-04-30,"Lead Strong 414, Llc",LLC,561730,Administrative and Support and Waste Management and Remediation Services,Administrative and Support Services,Landscaping Services,U,U,U,N,10034 Commerce Street,Summerville,30747.0,13055,Chattooga County,44900,"Summerville, GA",Northwest,0,26670,1
2020-04-06,"Kenneth D. Bruce, Llc",LLC,541110,"Professional, Scientific, and Technical Services","Professional, Scientific, and Technical Services",Offices of Lawyers,White,Male Owned,Non-Veteran,N,84 West Washington St,Summerville,30747.0,13055,Chattooga County,44900,"Summerville, GA",Northwest,4,26238,1
2020-04-29,Cooks Construction,Sole Oroprietor,236115,Construction,Construction of Buildings,New Single-Family Housing Construction (except For-Sale Builders) ,U,U,U,N,"2073 Hemphill Rd,",Summerville,30747.0,13055,Chattooga County,44900,"Summerville, GA",Northwest,0,25600,1
2020-04-13,"First Baptist Church, Trion, Georgia, Inc.",Non-Profit,813110,Other Services (except Public Administration),"Religious, Grantmaking, Civic, Professional, and Similar Organizations",Religious Organizations ,White,Male Owned,Non-Veteran,Y,95 Church Street,Trion,30753.0,13055,Chattooga County,44900,"Summerville, GA",Northwest,7,25207,1
2020-06-05,True Leaders,Sole Oroprietor,812111,Other Services (except Public Administration),Personal and Laundry Services,Barber Shops ,U,U,U,N,96 C St.,Summerville,30747.0,13055,Chattooga County,44900,"Summerville, GA",Northwest,3,25000,1
2020-05-14,"Rx Choice Ii, Llc",LLC,446110,Retail Trade,Health and Personal Care Stores,Pharmacies and Drug Stores ,U,U,U,N,9881 Commerce St Suite A,Summerville,30747.0,13055,Chattooga County,44900,"Summerville, GA",Northwest,7,24888,1
2020-05-20,"Crowe Enterprises, L.L.C.",LLC,453991,Retail Trade,Miscellaneous Store Retailers,Tobacco Stores ,U,U,U,N,63 Edison St,Menlo,30731.0,13055,Chattooga County,44900,"Summerville, GA",Northwest,0,24600,1
2020-04-27,"Steven A Miller, Attorney At Law",Sole Oroprietor,541110,"Professional, Scientific, and Technical Services","Professional, Scientific, and Technical Services",Offices of Lawyers,White,Male Owned,U,N,77 West Washington St,Summerville,30747.0,13055,Chattooga County,44900,"Summerville, GA",Northwest,4,22684,1
2020-04-30,The Vineyard Vegetarian Cafe & Juice Bar,Self-Employed,722513,Accommodation and Food Services,Food Services and Drinking Places,Limited-Service Restaurants ,U,U,U,N,9848 Rome Blvd,Summerville,30747.0,13055,Chattooga County,44900,"Summerville, GA",Northwest,0,22300,1
2020-04-28,Pine Ridge Outdoor Supply,Sole Oroprietor,444220,Retail Trade,Building Material and Garden Equipment and Supplies Dealers,"Nursery, Garden Center, and Farm Supply Stores ",U,U,U,N,146 Tucker Road,Summerville,30747.0,13055,Chattooga County,44900,"Summerville, GA",Northwest,4,22200,1
2020-04-30,"Marks Auto In Summerville, Llc",LLC,441120,Retail Trade,Motor Vehicle and Parts Dealers,Used Car Dealers ,U,U,U,N,10423 Commerce Street,Summerville,30747.0,13055,Chattooga County,44900,"Summerville, GA",Northwest,0,22030,1
2020-04-28,Summerville First Baptist Church Inc.,Corp,813110,Other Services (except Public Administration),"Religious, Grantmaking, Civic, Professional, and Similar Organizations",Religious Organizations ,White,Male Owned,U,N,125 Georgia Ave,Summerville,30747.0,13055,Chattooga County,44900,"Summerville, GA",Northwest,6,21556,1
2020-04-28,Missy Vogel Inc.,Chapter,111998,"Agriculture, Forestry, Fishing and Hunting",Crop Production,All Other Miscellaneous Crop Farming ,U,U,U,N,Po Box 182,Summerville,30747.0,13055,Chattooga County,44900,"Summerville, GA",Northwest,3,21400,1
2020-04-27,"Horizon Baptist Fellowship Of Summerville, Georgia, Inc.",Non-Profit,813110,Other Services (except Public Administration),"Religious, Grantmaking, Civic, Professional, and Similar Organizations",Religious Organizations ,White,Female Owned,U,Y,1216 Highway 114,Summerville,30747.0,13055,Chattooga County,44900,"Summerville, GA",Northwest,5,21133,1
2020-05-01,Diana Ahrens Art Inc,Corp,711510,"Arts, Entertainment, and Recreation","Performing Arts, Spectator Sports, and Related Industries","Independent Artists, Writers, and Performers ",U,U,U,N,317 Blue Mountain Ln,Trion,30753.0,13055,Chattooga County,44900,"Summerville, GA",Northwest,0,21133,1
2020-05-01,Elizabeth Mcclure,Self-Employed,0,,,,U,U,U,N,25335 Highway 157,Menlo,30731.0,13055,Chattooga County,44900,"Summerville, GA",Northwest,1,20833,1
2020-06-23,Kenneth Adams,Sole Oroprietor,561730,Administrative and Support and Waste Management and Remediation Services,Administrative and Support Services,Landscaping Services,U,U,U,N,360 Hawkins Drive,Summerville,30747.0,13055,Chattooga County,44900,"Summerville, GA",Northwest,0,20832,1
2020-05-21,Andrea Green,Sole Oroprietor,812990,Other Services (except Public Administration),Personal and Laundry Services,All Other Personal Services ,U,U,U,N,592 Ben Mosley Circle,Summerville,30747.0,13055,Chattooga County,44900,"Summerville, GA",Northwest,0,20832,1
2020-07-12,April Scales,Self-Employed,812990,Other Services (except Public Administration),Personal and Laundry Services,All Other Personal Services ,U,U,U,N,104 Railroad Street,Lyerly,30730.0,13055,Chattooga County,44900,"Summerville, GA",Northwest,0,20832,1
2020-07-21,J And K Trans Llc,Sole Oroprietor,812990,Other Services (except Public Administration),Personal and Laundry Services,All Other Personal Services ,U,U,U,N,7820 U.S. 27,Summerville,30747.0,13055,Chattooga County,44900,"Summerville, GA",Northwest,0,20832,1
2020-06-30,Xageria Adams,Sole Oroprietor,812990,Other Services (except Public Administration),Personal and Laundry Services,All Other Personal Services ,U,U,U,N,314 West Washington Street,Summerville,30747.0,13055,Chattooga County,44900,"Summerville, GA",Northwest,0,20832,1
2020-06-17,Cheer U Diamonds,Sole Oroprietor,812990,Other Services (except Public Administration),Personal and Laundry Services,All Other Personal Services ,U,U,U,N,141 Roslyn Lane,Summerville,30747.0,13055,Chattooga County,44900,"Summerville, GA",Northwest,0,20832,1
2020-05-20,Ooooh Whee That'S Clean,Sole Oroprietor,812990,Other Services (except Public Administration),Personal and Laundry Services,All Other Personal Services ,U,U,U,N,240 Lake Wanda Rieta Road,Summerville,30747.0,13055,Chattooga County,44900,"Summerville, GA",Northwest,0,20832,1
2020-04-28,B&C Sports Consulting Inc,Corp,541618,"Professional, Scientific, and Technical Services","Professional, Scientific, and Technical Services",Other Management Consulting Services ,U,U,U,N,81 Meadowbrook Ln,Summerville,30747.0,13055,Chattooga County,44900,"Summerville, GA",Northwest,1,20800,1
2020-07-24,(Dba)Jessie James Williams,Self-Employed,238990,Construction,Specialty Trade Contractors,All Other Specialty Trade Contractors,U,U,U,N,159 Y Street,Summerville,30747.0,13055,Chattooga County,44900,"Summerville, GA",Northwest,1,20707,1
2020-04-27,"Trion United Methodist Church, Inc.",Non-Profit,813110,Other Services (except Public Administration),"Religious, Grantmaking, Civic, Professional, and Similar Organizations",Religious Organizations ,White,Male Owned,U,Y,810 Pine Street,Trion,30753.0,13055,Chattooga County,44900,"Summerville, GA",Northwest,7,20579,1
2020-04-08,Hs Productions,Corp,515112,Information,Broadcasting (except Internet),Radio Stations ,White,Female Owned,Non-Veteran,N,1188 Smallen Road,Lyerly,30730.0,13055,Chattooga County,44900,"Summerville, GA",Northwest,4,20300,1
2020-06-26,Barber,Sole Oroprietor,812111,Other Services (except Public Administration),Personal and Laundry Services,Barber Shops ,U,U,U,N,5861 Georgia 100,Summerville,30747.0,13055,Chattooga County,44900,"Summerville, GA",Northwest,0,19947,1
2020-04-28,"Bobby And Vicki, Inc.",Chapter,999990,,,,U,U,U,N,50 Highway 114,Summerville,30747.0,13055,Chattooga County,44900,"Summerville, GA",Northwest,9,19900,1
2020-04-28,The Willow Tree Grill Llc,Sole Oroprietor,448120,Retail Trade,Clothing and Clothing Accessories Stores,Women's Clothing Stores ,U,U,U,N,170 Magnolia Court,Summerville,30747.0,13055,Chattooga County,44900,"Summerville, GA",Northwest,8,19000,1
2020-04-27,"Local Loan Company Of Summerville, Llc",LLC,541213,"Professional, Scientific, and Technical Services","Professional, Scientific, and Technical Services",Tax Preparation Services ,U,U,U,N,10118 Commerce St,Summerville,30747.0,13055,Chattooga County,44900,"Summerville, GA",Northwest,3,18900,1
2020-04-13,Hogmor Llc,LLC,541360,"Professional, Scientific, and Technical Services","Professional, Scientific, and Technical Services",Geophysical Surveying and Mapping Services,White,Male Owned,Veteran,N,29 East Washington St,Summerville,30747.0,13055,Chattooga County,44900,"Summerville, GA",Northwest,4,18539,1
2020-04-28,B & J Construction Llc,LLC,236210,Construction,Construction of Buildings,Industrial Building Construction ,U,U,U,N,1060 Jamestown Road,Menlo,30731.0,13055,Chattooga County,44900,"Summerville, GA",Northwest,5,18300,1
2020-04-28,"Wooden Spoon Herbs, Llc",LLC,445299,Retail Trade,Food and Beverage Stores,All Other Specialty Food Stores ,U,U,U,N,"12070 Highway 48,",Menlo,30731.0,13055,Chattooga County,44900,"Summerville, GA",Northwest,0,17800,1
2020-05-05,A Baker Trucking Inc,Chapter,484110,Transportation and Warehousing,Truck Transportation,"General Freight Trucking, Local ",U,U,U,N,716 Cemetary Rd,Lyerly,30730.0,13055,Chattooga County,44900,"Summerville, GA",Northwest,1,17618,1
2020-04-15,Mike Chickvary Inc,Corp,531130,Real Estate and Rental and Leasing,Real Estate,Lessors of Miniwarehouses and Self-Storage Units ,U,U,U,N,1851 Ridgeway Drive,Trion,30753.0,13055,Chattooga County,44900,"Summerville, GA",Northwest,2,17500,1
2020-04-29,Black Penguin Llc,Chapter,447110,Retail Trade,Gasoline Stations,Gasoline Stations with Convenience Stores ,U,U,U,N,11 Ridge Way Drive,Trion,30753.0,13055,Chattooga County,44900,"Summerville, GA",Northwest,3,17500,1
2020-04-07,"Hampton Heating & Air, Inc.",Chapter,238220,Construction,Specialty Trade Contractors,"Plumbing, Heating, and Air-Conditioning Contractors ",White,Male Owned,Non-Veteran,N,244 Carnation Lane,Summerville,30747.0,13055,Chattooga County,44900,"Summerville, GA",Northwest,4,17250,1
2020-05-01,The Balancing Act,Corp,541219,"Professional, Scientific, and Technical Services","Professional, Scientific, and Technical Services",Other Accounting Services ,U,U,U,N,5978 Old State Rd,Menlo,30731.0,13055,Chattooga County,44900,"Summerville, GA",Northwest,3,16906,1
2020-06-05,"The Agape Puppets, Inc.",Non-Profit,813219,Other Services (except Public Administration),"Religious, Grantmaking, Civic, Professional, and Similar Organizations",Other Grantmaking and Giving Services ,U,U,U,Y,6550 West Armuchee Road,Summerville,30747.0,13055,Chattooga County,44900,"Summerville, GA",Northwest,2,16666,1
2020-07-23,"Mnch, Inc",Corp,722511,Accommodation and Food Services,Food Services and Drinking Places,Full-Service Restaurants ,U,U,U,N,11392 Hwy 27,Summerville,30747.0,13055,Chattooga County,44900,"Summerville, GA",Northwest,7,16600,1
2020-05-29,True Leaders,Self-Employed,812111,Other Services (except Public Administration),Personal and Laundry Services,Barber Shops ,U,U,U,N,96 C St.,Summerville,30747.0,13055,Chattooga County,44900,"Summerville, GA",Northwest,1,16182,1
2020-04-28,National Title Pawn Of Trion Llc,LLC,453310,Retail Trade,Miscellaneous Store Retailers,Used Merchandise Stores ,U,U,U,N,14161 Hwy 27,Trion,30753.0,13055,Chattooga County,44900,"Summerville, GA",Northwest,3,15800,1
2020-04-09,"Inground Pool Liner And Cover Company, Inc.",Corp,238990,Construction,Specialty Trade Contractors,All Other Specialty Trade Contractors,U,U,U,N,1239 Bethel Church Road,Summerville,30747.0,13055,Chattooga County,44900,"Summerville, GA",Northwest,1,15400,1
2020-04-07,"Southern Living Farm & Garden, Inc.",Chapter,444220,Retail Trade,Building Material and Garden Equipment and Supplies Dealers,"Nursery, Garden Center, and Farm Supply Stores ",White,Male Owned,Non-Veteran,N,15734 Highway 27,Trion,30753.0,13055,Chattooga County,44900,"Summerville, GA",Northwest,5,15308,1
2020-04-13,John R Dennis Attorney At Law,Sole Oroprietor,541110,"Professional, Scientific, and Technical Services","Professional, Scientific, and Technical Services",Offices of Lawyers,White,Male Owned,Non-Veteran,N,35 East Washington St,Summerville,30747.0,13055,Chattooga County,44900,"Summerville, GA",Northwest,2,14383,1
2020-06-02,Double D Llc,LLC,722513,Accommodation and Food Services,Food Services and Drinking Places,Limited-Service Restaurants ,White,Male Owned,Non-Veteran,N,11 Oak Hill Rd,Lyerly,30730.0,13055,Chattooga County,44900,"Summerville, GA",Northwest,10,14130,1
2020-04-28,Jeff Coley,Sole Oroprietor,811192,Other Services (except Public Administration),Repair and Maintenance,Car Washes ,U,U,U,N,631 Ridgeway Drive,Trion,30753.0,13055,Chattooga County,44900,"Summerville, GA",Northwest,1,14000,1
2020-04-15,"Providence Homes, Inc.",Corp,531390,Real Estate and Rental and Leasing,Real Estate,Other Activities Related to Real Estate ,U,U,U,N,15 Fields Walk,Summerville,30747.0,13055,Chattooga County,44900,"Summerville, GA",Northwest,4,13700,1
2020-04-08,"Chamlee Electric, Llc",Corp,238210,Construction,Specialty Trade Contractors,Electrical Contractors and Other Wiring Installation Contractors,White,Male Owned,Non-Veteran,N,1314 Fish Hatchery Rd,Summerville,30747.0,13055,Chattooga County,44900,"Summerville, GA",Northwest,2,13589,1
2020-04-08,"Pace'S Contruction And Home Improvements, Llc",LLC,236117,Construction,Construction of Buildings,New Housing For-Sale Builders ,White,Male Owned,Non-Veteran,N,5016 Highway 114,Lyerly,30730.0,13055,Chattooga County,44900,"Summerville, GA",Northwest,2,12822,1
2020-04-14,Ba-Dada Inc,Chapter,721110,Accommodation and Food Services,Accommodation,Hotels (except Casino Hotels) and Motels ,Asian,Male Owned,Non-Veteran,N,9785 Rome Blvd,Summerville,30747.0,13055,Chattooga County,44900,"Summerville, GA",Northwest,3,12500,1
2020-04-16,"Paradise Garden Foundation, Inc.",Non-Profit,813219,Other Services (except Public Administration),"Religious, Grantmaking, Civic, Professional, and Similar Organizations",Other Grantmaking and Giving Services ,White,Female Owned,U,Y,200 North Lewis Street,Summerville,30747.0,13055,Chattooga County,44900,"Summerville, GA",Northwest,2,12446,1
2020-04-27,"The Furniture Shoppe, Llc",LLC,442110,Retail Trade,Furniture and Home Furnishings Stores,Furniture Stores ,U,U,U,N,10118 Commerce Street,Summerville,30747.0,13055,Chattooga County,44900,"Summerville, GA",Northwest,3,11900,1
2020-04-27,William Sumner,Sole Oroprietor,484110,Transportation and Warehousing,Truck Transportation,"General Freight Trucking, Local ",White,Male Owned,U,N,750 Harrisburg Road,Summerville,30747.0,13055,Chattooga County,44900,"Summerville, GA",Northwest,1,11661,1
2020-04-28,All About Me Learning Center Inc,Corp,624410,Health Care and Social Assistance,Social Assistance,Child Day Care Services ,U,U,U,N,101 Elm Street,Summerville,30747.0,13055,Chattooga County,44900,"Summerville, GA",Northwest,6,11500,1
2020-04-30,Dwarkesh2 Inc.,Chapter,445310,Retail Trade,Food and Beverage Stores,"Beer, Wine, and Liquor Stores ",U,Male Owned,Non-Veteran,N,6251 Georgia Highway 114,Lyerly,30730.0,13055,Chattooga County,44900,"Summerville, GA",Northwest,4,11250,1
2020-04-14,"Dixie Concrete, Inc.",Chapter,238110,Construction,Specialty Trade Contractors,Poured Concrete Foundation and Structure Contractors ,U,U,U,N,254 East Teloga Rd.,Summerville,30747.0,13055,Chattooga County,44900,"Summerville, GA",Northwest,2,10700,1
2020-04-29,"Three Circles Foundation, Inc.",Non-Profit,813110,Other Services (except Public Administration),"Religious, Grantmaking, Civic, Professional, and Similar Organizations",Religious Organizations ,U,U,U,Y,224 Perennial Springs Rd,Summerville,30747.0,13055,Chattooga County,44900,"Summerville, GA",Northwest,4,10600,1
2020-08-05,"Red Clay Ranch Equine Rescue & Sanctuary, Inc.",Non-Profit,812910,Other Services (except Public Administration),Personal and Laundry Services,Pet Care (except Veterinary) Services ,U,U,U,Y,364 Parker Rd.,Lyerly,30730.0,13055,Chattooga County,44900,"Summerville, GA",Northwest,3,10438,1
2020-04-13,Rick Engel Enterprises Inc,Chapter,811310,Other Services (except Public Administration),Repair and Maintenance,Commercial and Industrial Machinery and Equipment (except Automotive and Electronic) Repair and Maintenance ,U,U,U,N,555 Mcwhorter Rd,Menlo,30731.0,13055,Chattooga County,44900,"Summerville, GA",Northwest,1,10300,1
2020-04-30,"R Keith Compton, Dmd",Contractor,621210,Health Care and Social Assistance,Ambulatory Health Care Services,Offices of Dentists ,U,U,U,N,215 Farrar Drive,Summerville,30747.0,13055,Chattooga County,44900,"Summerville, GA",Northwest,0,10000,1
2020-04-15,"Kh20Ski 1, Inc.",Corp,811211,Other Services (except Public Administration),Repair and Maintenance,Consumer Electronics Repair and Maintenance ,U,U,U,N,400 Shorter Ave,Summerville,30747.0,13055,Chattooga County,44900,"Summerville, GA",Northwest,2,10000,1
2020-04-29,Jakes Enterprise & Rental Llc,LLC,441120,Retail Trade,Motor Vehicle and Parts Dealers,Used Car Dealers ,U,U,U,N,571 Back Penn Road,Summerville,30747.0,13055,Chattooga County,44900,"Summerville, GA",Northwest,1,9800,1
2020-05-05,"Jaad, Inc.",Corp,447110,Retail Trade,Gasoline Stations,Gasoline Stations with Convenience Stores ,Asian,Male Owned,Non-Veteran,N,13900 Highway 27,Trion,30753.0,13055,Chattooga County,44900,"Summerville, GA",Northwest,3,9700,1
2020-04-15,Tom Stewart Consulting Inc,Chapter,541611,"Professional, Scientific, and Technical Services","Professional, Scientific, and Technical Services",Administrative Management and General Management Consulting Services ,U,U,U,N,1160 South Shinbone Road,Menlo,30731.0,13055,Chattooga County,44900,"Summerville, GA",Northwest,2,9700,1
2020-04-14,"Gyankrupa, Inc.",Corp,445120,Retail Trade,Food and Beverage Stores,Convenience Stores ,Asian,Male Owned,Non-Veteran,N,13746 Highway 27,Trion,30753.0,13055,Chattooga County,44900,"Summerville, GA",Northwest,3,9605,1
2020-04-15,"Spirani, Inc.",Chapter,447110,Retail Trade,Gasoline Stations,Gasoline Stations with Convenience Stores ,U,U,U,N,260 Highway 114,Summerville,30747.0,13055,Chattooga County,44900,"Summerville, GA",Northwest,2,9500,1
2020-05-01,"Trion Scrap Metal, Llc",Sole Oroprietor,423930,Wholesale Trade,"Merchant Wholesalers, Durable Goods",Recyclable Material Merchant Wholesalers ,U,U,U,N,7588 Hwy. 27 South,Trion,30753.0,13055,Chattooga County,44900,"Summerville, GA",Northwest,2,8900,1
2020-04-28,"Tudor'S Exterior Services, Llc",LLC,561730,Administrative and Support and Waste Management and Remediation Services,Administrative and Support Services,Landscaping Services,U,U,U,N,737 Cooper Pit Road,Trion,30753.0,13055,Chattooga County,44900,"Summerville, GA",Northwest,3,8700,1
2020-04-30,Lambert And Associates Inc,Prof. Assoc.,722513,Accommodation and Food Services,Food Services and Drinking Places,Limited-Service Restaurants ,U,U,U,N,676 Hwy 114,Summerville,30747.0,13055,Chattooga County,44900,"Summerville, GA",Northwest,4,8604,1
2020-04-29,Joseph Jackson Auto Sales,Corp,441120,Retail Trade,Motor Vehicle and Parts Dealers,Used Car Dealers ,U,U,U,N,10621 Commerce Street,Summerville,30747.0,13055,Chattooga County,44900,"Summerville, GA",Northwest,1,8500,1
2020-07-22,Wilkrist Buildings Inc,Corp,238120,Construction,Specialty Trade Contractors,Structural Steel and Precast Concrete Contractors ,U,U,U,N,348 Calland Dr,Summerville,30747.0,13055,Chattooga County,44900,"Summerville, GA",Northwest,0,8448,1
2020-04-14,"Chhagan, Llc",Corp,445120,Retail Trade,Food and Beverage Stores,Convenience Stores ,Asian,Female Owned,Non-Veteran,N,1135 Trion Teloga Rd,Trion,30753.0,13055,Chattooga County,44900,"Summerville, GA",Northwest,2,8322,1
2020-05-01,"Summerville Chiropractic, Inc.",Corp,621310,Health Care and Social Assistance,Ambulatory Health Care Services,Offices of Chiropractors ,U,Male Owned,Non-Veteran,N,74 Highway 48,Summerville,30747.0,13055,Chattooga County,44900,"Summerville, GA",Northwest,0,8200,1
2020-08-05,Brenda Ashlee Turner-Abusaft,Contractor,611430,Educational Services,Educational Services,Professional and Management Development Training ,U,U,U,N,1365 Packer Dairy Road,Summerville,30747.0,13055,Chattooga County,44900,"Summerville, GA",Northwest,1,8075,1
2020-04-27,Southern Bedding,Sole Oroprietor,453998,Retail Trade,Miscellaneous Store Retailers,All Other Miscellaneous Store Retailers (except Tobacco Stores) ,White,Male Owned,U,N,74 East First Ave,Summerville,30747.0,13055,Chattooga County,44900,"Summerville, GA",Northwest,1,8067,1
2020-05-01,Cu Enterprises Inc,Corp,541618,"Professional, Scientific, and Technical Services","Professional, Scientific, and Technical Services",Other Management Consulting Services ,U,U,U,N,63 Bigham Road,Trion,30753.0,13055,Chattooga County,44900,"Summerville, GA",Northwest,0,7880,1
2020-04-15,"Rick Wyatt Realty, Inc.",Chapter,531210,Real Estate and Rental and Leasing,Real Estate,Offices of Real Estate Agents and Brokers,White,Male Owned,U,N,10391 Commerce St,Summerville,30747.0,13055,Chattooga County,44900,"Summerville, GA",Northwest,2,7807,1
2020-04-27,Xm Property Solutions,LLC,561730,Administrative and Support and Waste Management and Remediation Services,Administrative and Support Services,Landscaping Services,U,U,U,N,1324 Back Berryton Road,Summerville,30747.0,13055,Chattooga County,44900,"Summerville, GA",Northwest,1,7500,1
2020-06-14,Kimberly Taylor,Sole Oroprietor,561720,Administrative and Support and Waste Management and Remediation Services,Administrative and Support Services,Janitorial Services ,U,U,U,N,1765 Ben Mosley Circle,Summerville,30747.0,13055,Chattooga County,44900,"Summerville, GA",Northwest,1,7375,1
2020-08-01,Heathers Cleaning Services,Self-Employed,561720,Administrative and Support and Waste Management and Remediation Services,Administrative and Support Services,Janitorial Services ,U,U,U,N,1305 Back Berryton Rd,Summerville,30747.0,13055,Chattooga County,44900,"Summerville, GA",Northwest,1,7291,1
2020-04-30,"Three E Designs, Llc",LLC,423990,Wholesale Trade,"Merchant Wholesalers, Durable Goods",Other Miscellaneous Durable Goods Merchant Wholesalers ,U,U,U,N,375 Fawn Drive,Cloudland,30731.0,13055,Chattooga County,44900,"Summerville, GA",Northwest,0,7128,1
2020-04-29,"Al Smith Agency, Llc",LLC,524210,Finance and Insurance,Insurance Carriers and Related Activities,Insurance Agencies and Brokerages ,White,Male Owned,Non-Veteran,N,208 Autumn Wood Drive,Summerville,30747.0,13055,Chattooga County,44900,"Summerville, GA",Northwest,3,6900,1
2020-04-08,"Aeb Properties, Inc.",Chapter,531190,Real Estate and Rental and Leasing,Real Estate,Lessors of Other Real Estate Property ,White,Male Owned,Non-Veteran,N,3010 Highway 48,Summerville,30747.0,13055,Chattooga County,44900,"Summerville, GA",Northwest,2,6635,1
2020-04-27,"Herb'S Trading Company, L.L.C.",LLC,453310,Retail Trade,Miscellaneous Store Retailers,Used Merchandise Stores ,U,Female Owned,U,N,12334 Highway 27,Summerville,30747.0,13055,Chattooga County,44900,"Summerville, GA",Northwest,1,6500,1
2020-04-30,Lisa P. Mcwhorter Cpa Pc,Chapter,541219,"Professional, Scientific, and Technical Services","Professional, Scientific, and Technical Services",Other Accounting Services ,U,U,U,N,6970 Gore Subligna Rd,Summerville,30747.0,13055,Chattooga County,44900,"Summerville, GA",Northwest,1,6250,1
2020-04-30,"Marc Hardeman Cpa, Llc",LLC,423220,Wholesale Trade,"Merchant Wholesalers, Durable Goods",Home Furnishing Merchant Wholesalers ,U,U,U,N,871 Highway 100,Summerville,30747.0,13055,Chattooga County,44900,"Summerville, GA",Northwest,1,6250,1
2020-04-29,"Kirittel, Llc",LLC,447110,Retail Trade,Gasoline Stations,Gasoline Stations with Convenience Stores ,Asian,Female Owned,Non-Veteran,N,21449 Hwy 27,Summerville,30747.0,13055,Chattooga County,44900,"Summerville, GA",Northwest,3,6100,1
2020-04-29,P & M Foodmart Llc,LLC,447110,Retail Trade,Gasoline Stations,Gasoline Stations with Convenience Stores ,U,U,U,N,7805 Highway 48,Menlo,30731.0,13055,Chattooga County,44900,"Summerville, GA",Northwest,2,6100,1
2020-05-01,Tiny Treasures And Tots Daycare Llc,LLC,611699,Educational Services,Educational Services,All Other Miscellaneous Schools and Instruction ,U,U,U,N,2608 Hwy 337,Menlo,30731.0,13055,Chattooga County,44900,"Summerville, GA",Northwest,0,5800,1
2020-05-01,Auto Excellence Sales &Amp; Leasing,Sole Oroprietor,0,,,,U,U,U,N,10590 N Commerce St,Summerville,30747.0,13055,Chattooga County,44900,"Summerville, GA",Northwest,0,5775,1
2020-08-05,Andrew Davies,Self-Employed,488190,Transportation and Warehousing,Support Activities for Transportation,Other Support Activities for Air Transportation,U,U,U,N,902 Farmersville Rd,Summerville,30747.0,13055,Chattooga County,44900,"Summerville, GA",Northwest,1,5745,1
2020-04-29,"Omvinayakaaya Namah, Llc",LLC,447110,Retail Trade,Gasoline Stations,Gasoline Stations with Convenience Stores ,Asian,Male Owned,Non-Veteran,N,15582 Hwy 27 N,Trion,30753.0,13055,Chattooga County,44900,"Summerville, GA",Northwest,2,5500,1
2020-04-29,Brian Blackwell,Sole Oroprietor,325612,Manufacturing,Chemical Manufacturing,Polish and Other Sanitation Good Manufacturing ,U,U,U,N,99 Mckenzie Avenue,Summerville,30747.0,13055,Chattooga County,44900,"Summerville, GA",Northwest,1,5500,1
2020-04-30,Agma Enterprises Inc,Corp,711510,"Arts, Entertainment, and Recreation","Performing Arts, Spectator Sports, and Related Industries","Independent Artists, Writers, and Performers ",U,U,U,N,102 Briarwood Cir.,Summerville,30747.0,13055,Chattooga County,44900,"Summerville, GA",Northwest,0,5500,1
2020-04-30,Arlie John Smith,Contractor,541618,"Professional, Scientific, and Technical Services","Professional, Scientific, and Technical Services",Other Management Consulting Services ,White,Male Owned,Non-Veteran,N,737 Ramey St,Summerville,30747.0,13055,Chattooga County,44900,"Summerville, GA",Northwest,1,5500,1
2020-06-17,Dd&B Trucking Inc,Chapter,484121,Transportation and Warehousing,Truck Transportation,"General Freight Trucking, Long-Distance, Truckload ",U,U,U,N,136 Fields Walk,Summerville,30747.0,13055,Chattooga County,44900,"Summerville, GA",Northwest,0,5458,1
2020-04-29,James Coley,Contractor,325612,Manufacturing,Chemical Manufacturing,Polish and Other Sanitation Good Manufacturing ,U,U,U,N,549 Ramey Street,Summerville,30747.0,13055,Chattooga County,44900,"Summerville, GA",Northwest,1,4900,1
2020-04-08,"Ye Olde Trade Grounds, Inc.",Corp,531190,Real Estate and Rental and Leasing,Real Estate,Lessors of Other Real Estate Property ,White,Female Owned,Non-Veteran,N,12135 Highway 27,Summerville,30747.0,13055,Chattooga County,44900,"Summerville, GA",Northwest,3,4659,1
2020-04-14,Back Valley Enterprises Inc,Chapter,531390,Real Estate and Rental and Leasing,Real Estate,Other Activities Related to Real Estate ,U,U,U,N,629 York Road,Summerville,30747.0,13055,Chattooga County,44900,"Summerville, GA",Northwest,2,4100,1
2020-04-28,Tracis&#X2019;S Tanning,Sole Oroprietor,812199,Other Services (except Public Administration),Personal and Laundry Services,Other Personal Care Services ,U,U,U,N,13066 Hwy 27,Summerville,30747.0,13055,Chattooga County,44900,"Summerville, GA",Northwest,1,4100,1
2020-04-30,"Jcl Logistics, Llc",LLC,482111,Transportation and Warehousing,Rail Transportation,Line-Haul Railroads ,U,U,U,N,10409 Haywood Valley Rd,Summerville,30747.0,13055,Chattooga County,44900,"Summerville, GA",Northwest,0,3916,1
2020-04-29,Mai Mac,LLC,812113,Other Services (except Public Administration),Personal and Laundry Services,Nail Salons ,U,U,U,N,12809 Hwy 27,Summerville,30747.0,13055,Chattooga County,44900,"Summerville, GA",Northwest,5,3900,1
2020-05-13,Welles Services Company Llc.,LLC,238320,Construction,Specialty Trade Contractors,Painting and Wall Covering Contractors,U,U,U,N,242 Harrell Street,Trion,30753.0,13055,Chattooga County,44900,"Summerville, GA",Northwest,12,3700,1
2020-04-30,Teresa Boswell,Self-Employed,812990,Other Services (except Public Administration),Personal and Laundry Services,All Other Personal Services ,U,U,U,N,1091 Yankee Road,Menlo,30731.0,13055,Chattooga County,44900,"Summerville, GA",Northwest,0,3460,1
2020-04-16,The House Of Hair,Sole Oroprietor,812112,Other Services (except Public Administration),Personal and Laundry Services,Beauty Salons ,U,U,U,N,76 Highway 114,Summerville,30747.0,13055,Chattooga County,44900,"Summerville, GA",Northwest,1,3200,1
2020-05-04,Chadwick Excavating,Self-Employed,236210,Construction,Construction of Buildings,Industrial Building Construction ,U,U,U,N,28682 Hwy 157,Cloudland,30731.0,13055,Chattooga County,44900,"Summerville, GA",Northwest,1,2326,1
2020-05-01,Jaclyn Holmes,Self-Employed,0,,,,U,U,U,N,2135 Old State Rd,Menlo,30731.0,13055,Chattooga County,44900,"Summerville, GA",Northwest,0,2322,1
2020-04-16,Ginger Wofford,Sole Oroprietor,446120,Retail Trade,Health and Personal Care Stores,"Cosmetics, Beauty Supplies, and Perfume Stores ",U,U,U,N,46 Dill Road,Lyerly,30730.0,13055,Chattooga County,44900,"Summerville, GA",Northwest,1,1800,1
2020-04-16,Tammy Spears Dba Ts Salon,Sole Oroprietor,812112,Other Services (except Public Administration),Personal and Laundry Services,Beauty Salons ,U,U,U,N,76 Jones Street,Summerville,30747.0,13055,Chattooga County,44900,"Summerville, GA",Northwest,1,1300,1
2020-04-30,William Davis Wilkey,Contractor,238990,Construction,Specialty Trade Contractors,All Other Specialty Trade Contractors,U,U,U,N,1046 Butler Dairy Rd,Summerville,30747.0,13055,Chattooga County,44900,"Summerville, GA",Northwest,1,1300,1
2020-04-28,Berts Body Shop,Sole Oroprietor,811118,Other Services (except Public Administration),Repair and Maintenance,Other Automotive Mechanical and Electrical Repair and Maintenance ,U,U,U,N,13027 Highway 27,Summerville,30747.0,13055,Chattooga County,44900,"Summerville, GA",Northwest,1,1000,1
