Date,FAIN,Recipient,Address,City,FIPS,County,State,ZCTA,Congress,CDRegion,CBSA,MSA,Amount,Loans
2020-05-21 00:00:00.000000000,9964937400,Belinda W Harrell Cpa Pc,"211 E Ashley Street, Suite 100",Douglas,13069,Coffee County,GA,31533,12,Coastal,20060.0,"Douglas, GA",150000,1
2020-05-26 00:00:00.000000000,3664047808,The Fireside Pizza Shop,"114 N. Peterson Ave Suite 200, 114 N. Peterson Ave Suite 200",Douglas,13069,Coffee County,GA,31533,12,Coastal,20060.0,"Douglas, GA",89200,1
1970-01-01 00:00:00.020200519,8632457408,Tanner Optical,305 Shirley Avenue,Douglas,13069,Coffee County,GA,,12.0,Coastal,20060.0,"Douglas, GA",150000,1
1970-01-01 00:00:00.020200605,8517427807,"Deep South Peanut, Inc",200 Donnie Harper Rd,Douglas,13069,Coffee County,GA,,12.0,Coastal,20060.0,"Douglas, GA",150000,1
1970-01-01 00:00:00.020200605,8520677802,"C J & M Farms, Llc",5016 Old Axson Road,Douglas,13069,Coffee County,GA,,12.0,Coastal,20060.0,"Douglas, GA",150000,1
1970-01-01 00:00:00.020200608,9565887804,Mm Medical Services Llc,724 Pine Needle Rd,Douglas,13069,Coffee County,GA,,12,Coastal,20060.0,"Douglas, GA",6000,1
1970-01-01 00:00:00.020200519,8937707401,"Lindsey Dmd And Crawford Dmd, Llc","1150 Ward Street Ext W, Magnolia Place B2",Douglas,13069,Coffee County,GA,,12,Coastal,20060.0,"Douglas, GA",10000,1
1970-01-01 00:00:00.020200529,4867727805,Surcheros Franchising Corporation,412 Ward St W,Douglas,13069,Coffee County,GA,,12,Coastal,20060.0,"Douglas, GA",150000,1
1970-01-01 00:00:00.020200519,8805967407,Evergreen,5095 Highway 1568 W,Douglas,13069,Coffee County,GA,,12,Coastal,20060.0,"Douglas, GA",150000,1
1970-01-01 00:00:00.020200529,4743757801,Vivian Lynell Bennett,602 Mccrary Rd,Douglas,13069,Coffee County,GA,,12,Coastal,20060.0,"Douglas, GA",16600,1
1970-01-01 00:00:00.020200513,6074387406,"Alfred Southworth, Jr.",1114 Baker Farm Road,Douglas,13069,Coffee County,GA,,12,Coastal,20060.0,"Douglas, GA",110000,1
1970-01-01 00:00:00.020200530,5886677803,Q-Moses Bbq,3432 Stembler Ridge,Douglas,13069,Coffee County,GA,,13.0,Coastal,20060.0,"Douglas, GA",7400,1
1970-01-01 00:00:00.020200519,8847527402,Ronald Grantham Farm,1077 Huffer Rd.,Douglas,13069,Coffee County,GA,,12.0,Coastal,20060.0,"Douglas, GA",150000,1
1970-01-01 00:00:00.020200530,5917237804,"Sanders Honey Company, Llc",7288 Perdie Lee Rd,Nichols,13069,Coffee County,GA,,1.0,Coastal,20060.0,"Douglas, GA",150000,1
1970-01-01 00:00:00.020200521,9966387405,"Taylor Investment Group, Llc",107 W Mitchell St,Douglas,13069,Coffee County,GA,,12,Coastal,20060.0,"Douglas, GA",1000,1
1970-01-01 00:00:00.020200606,8570457804,Dreamland Parks Llc,20 Sugarsand Rd,Douglas,13069,Coffee County,GA,,12,Coastal,20060.0,"Douglas, GA",28000,1
1970-01-01 00:00:00.020200529,4839397805,Fresher Brands Tifton Ii Llc,412 Ward St W,Douglas,13069,Coffee County,GA,,12,Coastal,20060.0,"Douglas, GA",66200,1
1970-01-01 00:00:00.020200529,4773617806,Bfit Af Llc,1310 South Madison Ave,Douglas,13069,Coffee County,GA,,12,Coastal,20060.0,"Douglas, GA",50000,1
1970-01-01 00:00:00.020200530,5358827807,Amanda Albritton,210 Peterson Ave S,Douglas,13069,Coffee County,GA,,12,Coastal,20060.0,"Douglas, GA",24500,1
1970-01-01 00:00:00.020200530,5410297801,Blue Ribbon Show Supply,9416 Lucy Moore Rd,Nichols,13069,Coffee County,GA,,1,Coastal,20060.0,"Douglas, GA",107800,1
1970-01-01 00:00:00.020200513,6065767400,Big Branch Ranch Llc,150 Teal Street,Douglas,13069,Coffee County,GA,,12,Coastal,20060.0,"Douglas, GA",88500,1
1970-01-01 00:00:00.020200530,5491027802,Bradley Mizell,3343 Old Axson Rd,Douglas,13069,Coffee County,GA,,12.0,Coastal,20060.0,"Douglas, GA",3700,1
1970-01-01 00:00:00.020200525,3153907804,L&B Transport,432 Pinecrest Street,Broxton,13069,Coffee County,GA,,12,Coastal,20060.0,"Douglas, GA",139500,1
1970-01-01 00:00:00.020200514,6184937406,Red Farms Llc,150 Teal St,Douglas,13069,Coffee County,GA,,12,Coastal,20060.0,"Douglas, GA",150000,1
1970-01-01 00:00:00.020200525,2804777802,"Hutchison Coffees Of Kingsland, Llc",381 Muscovy Drive,Douglas,13069,Coffee County,GA,,12.0,Coastal,20060.0,"Douglas, GA",88200,1
1970-01-01 00:00:00.020200604,7669027810,Bouncin Around Llc,637 Gus Paulk Rd,Ambrose,13069,Coffee County,GA,,12.0,Coastal,20060.0,"Douglas, GA",31800,1
1970-01-01 00:00:00.020200609,9678037803,"Tender Care, Inc.",501 West Ward Street,Douglas,13069,Coffee County,GA,,12.0,Coastal,20060.0,"Douglas, GA",150000,1
1970-01-01 00:00:00.020200514,6198817406,T Sanford Roberts Pc,213 Peterson Avenue North,Douglas,13069,Coffee County,GA,,12.0,Coastal,20060.0,"Douglas, GA",150000,1
1970-01-01 00:00:00.020200609,9996367803,Flat Broke Dirt Service Llc,115 Cypress Ford Rd,Douglas,13069,Coffee County,GA,,12.0,Coastal,20060.0,"Douglas, GA",22500,1
1970-01-01 00:00:00.020200530,5351537800,"Mr. Rooter Of Southeast Georgia, Llc",7163 Old Axson Rd,Douglas,13069,Coffee County,GA,,12,Coastal,20060.0,"Douglas, GA",150000,1
1970-01-01 00:00:00.020200522,1877727805,Harris Furniture Warehouse Showroom Inc,401 South Peterson Ave,Douglas,13069,Coffee County,GA,,12,Coastal,20060.0,"Douglas, GA",63600,1
1970-01-01 00:00:00.020200604,7696737806,Pro Stock Automotive,1033 Thompson Drive,Douglas,13069,Coffee County,GA,,12,Coastal,20060.0,"Douglas, GA",84500,1
1970-01-01 00:00:00.020200604,7699347802,The Painted Lady Boutique Llc,403 S Peterson Ave,Douglas,13069,Coffee County,GA,,12,Coastal,20060.0,"Douglas, GA",37600,1
1970-01-01 00:00:00.020200609,9720017802,Billy Merritt Marketing Llc,118 North Pearl Ave,Douglas,13069,Coffee County,GA,,12,Coastal,20060.0,"Douglas, GA",150000,1
1970-01-01 00:00:00.020200527,3940037802,"Imperial Construction And Excavating, Llc",526 Railroad Street E,Douglas,13069,Coffee County,GA,,12,Coastal,20060.0,"Douglas, GA",59000,1
1970-01-01 00:00:00.020200528,4265197804,Reeya N Vidhi Llc,606 E Baker Hwy,Douglas,13069,Coffee County,GA,,12,Coastal,20060.0,"Douglas, GA",60000,1
1970-01-01 00:00:00.020200521,1734347801,Harp & Associates,510 W. Ashley St,Douglas,13069,Coffee County,GA,,12,Coastal,20060.0,"Douglas, GA",50700,1
1970-01-01 00:00:00.020200605,7984927809,Coffee Chiropractic Llc,1103 Madison Ave N,Douglas,13069,Coffee County,GA,,12,Coastal,20060.0,"Douglas, GA",103000,1
1970-01-01 00:00:00.020200605,8007687804,Augustus Reinhardt,346 Old Pearson Rd,Willacoochee,13003,Atkinson County,GA,,12,Coastal,20060.0,"Douglas, GA",52500,1
1970-01-01 00:00:00.020200609,9826107803,"Never Easy, Llc",921 Madison Ave N,Douglas,13069,Coffee County,GA,,12,Coastal,20060.0,"Douglas, GA",12400,1
1970-01-01 00:00:00.020200603,7196267800,"Circle D Outfitters & General Store, Llc",1115 Bowens Mill Road Sw,Douglas,13069,Coffee County,GA,,12,Coastal,20060.0,"Douglas, GA",30000,1
1970-01-01 00:00:00.020200508,3823507410,Burnam Family Farms,1414 Andrew Tanner Road,Nichols,13069,Coffee County,GA,,12,Coastal,20060.0,"Douglas, GA",5000,1
1970-01-01 00:00:00.020200513,5967497407,Home Daycare,1099 Alvin Geiger,Douglas,13069,Coffee County,GA,,12,Coastal,20060.0,"Douglas, GA",8000,1
1970-01-01 00:00:00.020200513,6065557407,Georgia-Florida Irrigation Llc,150 Teal Street,Douglas,13069,Coffee County,GA,,12,Coastal,20060.0,"Douglas, GA",59700,1
1970-01-01 00:00:00.020200609,9768117807,Morrison'S Frame & Body Shop Inc,495 Ga Connector 206 Nw,Douglas,13069,Coffee County,GA,,12,Coastal,20060.0,"Douglas, GA",150000,1
1970-01-01 00:00:00.020200526,3259807807,Douglas Small Engine,Douglas Small Engine,Douglas,13069,Coffee County,GA,,12,Coastal,20060.0,"Douglas, GA",13100,1
1970-01-01 00:00:00.020200609,9777947800,"Hc13, Llc",1985 Sinkhole Road,Douglas,13069,Coffee County,GA,,12,Coastal,20060.0,"Douglas, GA",6500,1
1970-01-01 00:00:00.020200525,2994387803,Westside Surgery Center,314 Westside Drive,Douglas,13069,Coffee County,GA,,12,Coastal,20060.0,"Douglas, GA",43900,1
1970-01-01 00:00:00.020200518,7696987408,South East Cargo Llc,499 Dove Ln,Nichols,13069,Coffee County,GA,,12,Coastal,20060.0,"Douglas, GA",134000,1
1970-01-01 00:00:00.020200608,9354697806,Pear Tree Properties Llc,213 Peterson Avenue North,Douglas,13069,Coffee County,GA,,12,Coastal,20060.0,"Douglas, GA",36400,1
1970-01-01 00:00:00.020200603,6912197800,Classy Cuts,129 Jefferson St E,Douglas,13069,Coffee County,GA,,12,Coastal,20060.0,"Douglas, GA",2000,1
1970-01-01 00:00:00.020200603,6970647802,"Sweetwater Plantation, Llc",789 Pope Lane,Douglas,13069,Coffee County,GA,,12,Coastal,20060.0,"Douglas, GA",17700,1
1970-01-01 00:00:00.020200608,9412367800,Hanna'S,332. S. Peterson Avenue,Douglas,13069,Coffee County,GA,,12,Coastal,20060.0,"Douglas, GA",15000,1
1970-01-01 00:00:00.020200526,3390947809,Pure Diamond Designs,519 East Gordon Street,Douglas,13069,Coffee County,GA,,12,Coastal,20060.0,"Douglas, GA",2000,1
1970-01-01 00:00:00.020200530,5813537806,"H-2Advisors, Llc",1002 Smith Ave,Douglas,13069,Coffee County,GA,,12,Coastal,20060.0,"Douglas, GA",20000,1
1970-01-01 00:00:00.020200608,9409967802,Taqueria Pancho Villa Ii Llc,1002 Peterson Ave S,Douglas,13069,Coffee County,GA,,12,Coastal,20060.0,"Douglas, GA",50000,1
1970-01-01 00:00:00.020200530,5586307806,Ordained Estates Llc,370 Cromwell Cir,Douglas,13069,Coffee County,GA,,12,Coastal,20060.0,"Douglas, GA",6300,1
1970-01-01 00:00:00.020200509,4451897403,Logan Gillis,1281 Hiram Williams Road,Axson,13003,Atkinson County,GA,,12,Coastal,20060.0,"Douglas, GA",150000,1
1970-01-01 00:00:00.020200525,2563477804,Unique Tax & Bookkeeping Service,134 Underwood Rd,Douglas,13069,Coffee County,GA,,12,Coastal,20060.0,"Douglas, GA",7000,1
1970-01-01 00:00:00.020200608,9373487808,Harden Roadrunners Llc,339 Cromwell Circle,Douglas,13069,Coffee County,GA,,12,Coastal,20060.0,"Douglas, GA",9000,1
1970-01-01 00:00:00.020200530,5803047808,Fresher Brands Tifton Llc,412 Ward St W,Douglas,13069,Coffee County,GA,,12,Coastal,20060.0,"Douglas, GA",150000,1
1970-01-01 00:00:00.020200530,5823177809,L-N-S Estates Llc,370 Cromwell Cir,Douglas,13069,Coffee County,GA,,12,Coastal,20060.0,"Douglas, GA",6200,1
1970-01-01 00:00:00.020200521,1756907804,Raulerson Consulting Inc,332 Greentree Dr,Broxton,13069,Coffee County,GA,,12,Coastal,20060.0,"Douglas, GA",6700,1
1970-01-01 00:00:00.020200530,5928047801,Rhoda C Eady,1290 Gus Paulk Road,Ambrose,13069,Coffee County,GA,,12,Coastal,20060.0,"Douglas, GA",3900,1
1970-01-01 00:00:00.020200608,9361397808,Circle G Farms Inc,1045 Red Bud Rd,Nichols,13069,Coffee County,GA,,12,Coastal,20060.0,"Douglas, GA",150000,1
1970-01-01 00:00:00.020200602,6620967804,Cc,1939 Frank  Jackson Circle,Douglas,13069,Coffee County,GA,,12,Coastal,20060.0,"Douglas, GA",14500,1
1970-01-01 00:00:00.020200605,8293207800,Dreamland Creative Investments Llc,20 Sugarsand Rd,Douglas,13069,Coffee County,GA,,12,Coastal,20060.0,"Douglas, GA",66600,1
1970-01-01 00:00:00.020200530,5926117805,Glenn Dillingham Farms,4065 Hwy 135 North,Willacoochee,13003,Atkinson County,GA,,8,Coastal,20060.0,"Douglas, GA",150000,1
1970-01-01 00:00:00.020200605,8405847810,Merritts Deer Processing,2616 Yellow Brick Road,Douglas,13069,Coffee County,GA,,12,Coastal,20060.0,"Douglas, GA",20000,1
1970-01-01 00:00:00.020200605,8456527808,Northside Motors,2655 Us Hwy 441 N,Pearson,13003,Atkinson County,GA,,8,Coastal,20060.0,"Douglas, GA",31400,1
1970-01-01 00:00:00.020200511,4675247406,Midway Truck Inc.,5407 Georgia Hwy 32 West,Douglas,13069,Coffee County,GA,,12,Coastal,20060.0,"Douglas, GA",150000,1
1970-01-01 00:00:00.020200530,5591707802,Shelton W Crews,663 Sweat Rd,Broxton,13069,Coffee County,GA,,12,Coastal,20060.0,"Douglas, GA",40000,1
1970-01-01 00:00:00.020200605,8357407801,Christopher Thomas Calhoun,1303 Golf Club Rd,Douglas,13069,Coffee County,GA,,12,Coastal,20060.0,"Douglas, GA",23100,1
1970-01-01 00:00:00.020200606,8558997810,"Blackline Aviation, Llc",27 Twin Gables Rd,Broxton,13069,Coffee County,GA,,12,Coastal,20060.0,"Douglas, GA",30000,1
1970-01-01 00:00:00.020200605,8300357809,"Deep South Fuel Center, Llc.",1642 Peterson Ave S,Douglas,13069,Coffee County,GA,,12,Coastal,20060.0,"Douglas, GA",150000,1
1970-01-01 00:00:00.020200605,8390027807,B&M Timber Company Llc,122 King St,Pearson,13003,Atkinson County,GA,,8,Coastal,20060.0,"Douglas, GA",150000,1
1970-01-01 00:00:00.020200602,6597657806,Pre-Tech Inc,914 Wheeler Avenue North,Douglas,13069,Coffee County,GA,,12,Coastal,20060.0,"Douglas, GA",150000,1
1970-01-01 00:00:00.020200525,2947877805,Xyz Transport Llc,221 Quail Ridge Road,Douglas,13069,Coffee County,GA,,12,Coastal,20060.0,"Douglas, GA",28300,1
1970-01-01 00:00:00.020200605,8431607801,"Waldron Enterprises, Inc",691 Sinkhole Rd,Douglas,13069,Coffee County,GA,,12,Coastal,20060.0,"Douglas, GA",150000,1
1970-01-01 00:00:00.020200601,6047097810,Teamfit With Anthony Llc,803 Peterson Ave N,Douglas,13069,Coffee County,GA,,12,Coastal,20060.0,"Douglas, GA",3400,1
1970-01-01 00:00:00.020200605,8355887801,Douglas Dental Lab Llc,1108 North Madison Ave,Douglas,13069,Coffee County,GA,,12,Coastal,20060.0,"Douglas, GA",10000,1
1970-01-01 00:00:00.020200527,3802367809,Jerry Bennett Construction Inc,518 Ethel St,Douglas,13069,Coffee County,GA,,12,Coastal,20060.0,"Douglas, GA",23600,1
1970-01-01 00:00:00.020200605,8295607806,"Deep South Farm Center, Llc",600 7Th Street,Douglas,13069,Coffee County,GA,,12,Coastal,20060.0,"Douglas, GA",150000,1
1970-01-01 00:00:00.020200603,7002827805,Harper Machine & Iron Works Inc.,611 Bowens Mill Rd Sw,Douglas,13069,Coffee County,GA,,12,Coastal,20060.0,"Douglas, GA",140000,1
1970-01-01 00:00:00.020200529,4817547801,Fresher Brands Dublin Llc,412 Ward St W,Douglas,13069,Coffee County,GA,,12,Coastal,20060.0,"Douglas, GA",150000,1
1970-01-01 00:00:00.020200530,5925947805,Hester J Sheppard,7298 Sinkhole Road,Ambrose,13069,Coffee County,GA,,12,Coastal,20060.0,"Douglas, GA",1000,1
1970-01-01 00:00:00.020200602,6513547801,Elite Lawn Care And Pressure Washing,425 Jeff Lewis Rd,Douglas,13069,Coffee County,GA,,12,Coastal,20060.0,"Douglas, GA",45500,1
1970-01-01 00:00:00.020200530,5921797800,Tameka Williams,913A Gaskin Ave S,Douglas,13069,Coffee County,GA,31533,12.0,Coastal,20060.0,"Douglas, GA",1000,1
1970-01-01 00:00:00.020200603,7394697801,Charles L. Paulk,28 Tempa Ln,Douglas,13069,Coffee County,GA,31535,12.0,Coastal,20060.0,"Douglas, GA",19000,1
1970-01-01 00:00:00.020200603,7570237803,Douglas Tobacco Outlet Llc,829A Peterson Ave S,Douglas,13069,Coffee County,GA,,12,Coastal,20060.0,"Douglas, GA",37500,1
1970-01-01 00:00:00.020200530,5903147800,Tim Adams Blueberries Llc,521 Adams Ln,Nichols,13069,Coffee County,GA,,12,Coastal,20060.0,"Douglas, GA",115800,1
1970-01-01 00:00:00.020200603,7081797806,"Beegee Travel Consultants, Llc",116 South Madison Ave,Douglas,13069,Coffee County,GA,,12,Coastal,20060.0,"Douglas, GA",41000,1
1970-01-01 00:00:00.020200603,7467967801,"Atco Transportation, Llc",1255 Virgil Mckinnon Road,Pearson,13003,Atkinson County,GA,,8,Coastal,20060.0,"Douglas, GA",60400,1
1970-01-01 00:00:00.020200608,9153857810,"Bridon Investments, Llc.",293 Basswood Road,Douglas,13069,Coffee County,GA,,12,Coastal,20060.0,"Douglas, GA",24900,1
1970-01-01 00:00:00.020200521,1498447804,Blue'S Place,3085 Hwy 268 West,Broxton,13069,Coffee County,GA,,12,Coastal,20060.0,"Douglas, GA",3000,1
1970-01-01 00:00:00.020200527,4046317803,Fresher Brands Mgmt Llc,412 Ward St W,Douglas,13069,Coffee County,GA,,12,Coastal,20060.0,"Douglas, GA",150000,1
1970-01-01 00:00:00.020200530,5722607808,Diana Gillis Photography,363 Gillis Rd,Douglas,13069,Coffee County,GA,,12,Coastal,20060.0,"Douglas, GA",14300,1
1970-01-01 00:00:00.020200515,7142587404,Griffis Farms Llc,2795 Paul Cary Rd,Axson,13003,Atkinson County,GA,,12,Coastal,20060.0,"Douglas, GA",59200,1
1970-01-01 00:00:00.020200529,4802467809,"Phillips Auto & Tire, Inc",2482 Highway 221 N,Douglas,13069,Coffee County,GA,,12,Coastal,20060.0,"Douglas, GA",25000,1
1970-01-01 00:00:00.020200516,7288487401,Charles B Cato Dba Knollwood Tire & Wheel,201 Ocmulgee St. E,Broxton,13069,Coffee County,GA,,12,Coastal,20060.0,"Douglas, GA",86500,1
1970-01-01 00:00:00.020200529,4723267810,Fresher Brands Douglas Llc,412 Ward St W,Douglas,13069,Coffee County,GA,,12,Coastal,20060.0,"Douglas, GA",150000,1
1970-01-01 00:00:00.020200530,5709387809,Lia Foundation Inc,60 Connector 206 Nw Ste A,Douglas,13069,Coffee County,GA,,12,Coastal,20060.0,"Douglas, GA",7000,1
1970-01-01 00:00:00.020200521,9809647407,"Misty Morning Lodge Cabin Rental, Llc",220 Quail Ridge Rd,Douglas,13069,Coffee County,GA,,12,Coastal,20060.0,"Douglas, GA",23100,1
1970-01-01 00:00:00.020200521,1744057801,Benajah Batten,649 Conway Vickers Rd,Ambrose,13069,Coffee County,GA,,12,Coastal,20060.0,"Douglas, GA",81800,1
1970-01-01 00:00:00.020200608,9209647806,Nakenya Brown,112 Pinecrest Dr # C27,Douglas,13069,Coffee County,GA,,12,Coastal,20060.0,"Douglas, GA",1000,1
1970-01-01 00:00:00.020200516,7210757410,Brian C. Fussell,9970 Hwy 32 W,Douglas,13069,Coffee County,GA,,12,Coastal,20060.0,"Douglas, GA",150000,1
1970-01-01 00:00:00.020200516,7327247403,Archie Merritt Tire Specialist Inc,1701 Peterson Ave. S.,Douglas,13069,Coffee County,GA,,12,Coastal,20060.0,"Douglas, GA",24800,1
1970-01-01 00:00:00.020200515,6658417406,Peak Physique Llc,615 Bowens Mill Rd Sw,Douglas,13069,Coffee County,GA,,12,Coastal,20060.0,"Douglas, GA",75200,1
1970-01-01 00:00:00.020200602,6428557810,"O'Neal Bee Company, Llc",13 Lou Lane,Douglas,13069,Coffee County,GA,,12,Coastal,20060.0,"Douglas, GA",59700,1
1970-01-01 00:00:00.020200606,8783577809,Caitlin Farms,11825 Bowens Mill Rd,Ambrose,13069,Coffee County,GA,,12,Coastal,20060.0,"Douglas, GA",150000,1
1970-01-01 00:00:00.020200601,6002417806,Lila'S Plant,91 Sapp Still Rd,Broxton,13069,Coffee County,GA,31519,12.0,Coastal,20060.0,"Douglas, GA",16300,1
1970-01-01 00:00:00.020200518,8187117401,Ashley E Gillis Jr,1206 Hampton Rd,Douglas,13069,Coffee County,GA,31533,12.0,Coastal,20060.0,"Douglas, GA",9000,1
1970-01-01 00:00:00.020200512,5251457400,Mac Farms Partnership,149 Macs Lndg,Douglas,13069,Coffee County,GA,31535,12.0,Coastal,20060.0,"Douglas, GA",150000,1
1970-01-01 00:00:00.020200608,8862227807,Danny Smith Roofing,590 Shiloh Road,Douglas,13069,Coffee County,GA,31533,12.0,Coastal,20060.0,"Douglas, GA",24600,1
1970-01-01 00:00:00.020200608,8925297804,Coffee County Broadcasters Inc,1310 W. Walker Street,Douglas,13069,Coffee County,GA,31533,12.0,Coastal,20060.0,"Douglas, GA",42000,1
1970-01-01 00:00:00.020200525,2762247808,Marshall V Kirkland,1823 Green Lantern Road,Nichols,13069,Coffee County,GA,31554,12.0,Coastal,20060.0,"Douglas, GA",61400,1
1970-01-01 00:00:00.020200525,2782207804,Hutchison Coffees Llc,381 Muscovy Drive,Douglas,13069,Coffee County,GA,31535,12.0,Coastal,20060.0,"Douglas, GA",102000,1
1970-01-01 00:00:00.020200608,8897157810,Mackie L Smith Poultry Farm,1690 Us Highway 441 N,Pearson,13003,Atkinson County,GA,31642,8.0,Coastal,20060.0,"Douglas, GA",13100,1
1970-01-01 00:00:00.020200509,4491377405,"Trojan Cargo Sales, Llc",708 Madison Ave S,Douglas,13069,Coffee County,GA,,12.0,Coastal,20060.0,"Douglas, GA",150000,1
1970-01-01 00:00:00.020200518,8026797405,"Hurst And Hurst Cpas, Llc",221 Sellers St,Douglas,13069,Coffee County,GA,,12.0,Coastal,20060.0,"Douglas, GA",150000,1
1970-01-01 00:00:00.020200608,8843077804,Jerry Grayson Mckinnon,405 Camellia Ave,Douglas,13069,Coffee County,GA,,12,Coastal,20060.0,"Douglas, GA",150000,1
1970-01-01 00:00:00.020200518,7715437403,"Above It All Cabin Rental, Llc",220 Quail Ridge Rd,Douglas,13069,Coffee County,GA,,12,Coastal,20060.0,"Douglas, GA",46700,1
1970-01-01 00:00:00.020200608,9116157802,Candf Music,1980 Conway Vickers Rd.,Ambrose,13069,Coffee County,GA,,12,Coastal,20060.0,"Douglas, GA",25100,1
1970-01-01 00:00:00.020200525,2749487805,Samuel E Sweat Sr,600 Bluebird Ln,Pearson,13003,Atkinson County,GA,,8,Coastal,20060.0,"Douglas, GA",51100,1
1970-01-01 00:00:00.020200516,7249177410,Charles Ricketson Jr Farms Llc,707 N Alabama Street,Broxton,13069,Coffee County,GA,,12,Coastal,20060.0,"Douglas, GA",150000,1
1970-01-01 00:00:00.020200601,6138647804,Harper- Goff Holding Llc,1975 Clyde Kirkland Rd,Douglas,13069,Coffee County,GA,,12,Coastal,20060.0,"Douglas, GA",10000,1
1970-01-01 00:00:00.020200518,8039627410,James Deen Farms Llc,4415 George Deen Rd,Broxton,13069,Coffee County,GA,,12,Coastal,20060.0,"Douglas, GA",150000,1
1970-01-01 00:00:00.020200606,8767247804,Freedom South Sales,2080 Antioch Ch Rd,Pearson,13003,Atkinson County,GA,,8,Coastal,20060.0,"Douglas, GA",19400,1
1970-01-01 00:00:00.020200606,8762917805,Thomas Farabow Jr,207 Farabow Rd,Broxton,13069,Coffee County,GA,,12,Coastal,20060.0,"Douglas, GA",150000,1
1970-01-01 00:00:00.020200519,8508057409,"Martin Centre Preservation Company, Inc",221 Sellers St,Douglas,13069,Coffee County,GA,,12,Coastal,20060.0,"Douglas, GA",16500,1
1970-01-01 00:00:00.020200518,7713677401,"Mountain Memories Cabin Rental, Llc",220 Quail Ridge Rd,Douglas,13069,Coffee County,GA,,12,Coastal,20060.0,"Douglas, GA",25400,1
1970-01-01 00:00:00.020200523,2305817807,Southern Chiropractic Of Douglas Inc.,506 Ashley St W,Douglas,13069,Coffee County,GA,31533,12.0,Coastal,20060.0,"Douglas, GA",71200,1
1970-01-01 00:00:00.020200525,3033057804,Precious Possessions Inc,1263 Axson Rd,Douglas,13069,Coffee County,GA,31535,12.0,Coastal,20060.0,"Douglas, GA",150000,1
1970-01-01 00:00:00.020200516,7227597406,Slideways Rentals Llc,340 Phoebes Lane,Broxton,13069,Coffee County,GA,,12,Coastal,20060.0,"Douglas, GA",11100,1
1970-01-01 00:00:00.020200520,9236417410,Nicholls Logging Company Inc.,1012 West Ward St. Ext.,Douglas,13069,Coffee County,GA,,12,Coastal,20060.0,"Douglas, GA",150000,1
1970-01-01 00:00:00.020200518,7714527404,"Shon Crawford Jewelers, Llc",1351 Bowens Mill Rd. Se,Douglas,13069,Coffee County,GA,,12,Coastal,20060.0,"Douglas, GA",86500,1
2020-06-22 00:00:00.000000000,9996667908,Jessica Cauley,1825 E L Curtis Rd,Douglas,13069,Coffee County,GA,31533,12,Coastal,20060.0,"Douglas, GA",4500,1
2020-06-11 00:00:00.000000000,1641277903,Gillis Development Llc,375 Gillis Road,Douglas,13069,Coffee County,GA,31535,12,Coastal,20060.0,"Douglas, GA",48300,1
2020-06-17 00:00:00.000000000,6965967908,Justin A Gilliard,1045 Red Bud Rd,Nichols,13069,Coffee County,GA,31554,12,Coastal,20060.0,"Douglas, GA",16000,1
1970-01-01 00:00:00.020200625,3794018009,S&T Auto Sales Llc,704 Madison Ave S,Douglas,13069,Coffee County,GA,,12.0,Coastal,20060.0,"Douglas, GA",25500,1
1970-01-01 00:00:00.020200611,2317977904,Varnedore Properties,1804 Peterson Ave S,Douglas,13069,Coffee County,GA,,12.0,Coastal,20060.0,"Douglas, GA",150000,1
1970-01-01 00:00:00.020200611,2041097909,Still Water Logistics,1400 Fairway Dr,Douglas,13069,Coffee County,GA,,12.0,Coastal,20060.0,"Douglas, GA",58300,1
1970-01-01 00:00:00.020200617,5989837904,Etta Mae'S Llc,107 West Bryan St Suite 24,Douglas,13069,Coffee County,GA,,12.0,Coastal,20060.0,"Douglas, GA",8000,1
1970-01-01 00:00:00.020200617,6414297901,April Mills,2828 Baymeadows Drive West,Douglas,13069,Coffee County,GA,,12.0,Coastal,20060.0,"Douglas, GA",6400,1
1970-01-01 00:00:00.020200612,2675387904,Tracy L Ross,500 Westgreen Rd,Douglas,13069,Coffee County,GA,,12.0,Coastal,20060.0,"Douglas, GA",11500,1
1970-01-01 00:00:00.020200611,1995767905,"K&K Berries, Llc",10 James Moore Rd,West Green,13069,Coffee County,GA,,12.0,Coastal,20060.0,"Douglas, GA",26000,1
1970-01-01 00:00:00.020200611,2002987902,Jak Transport Inc,710 Bowens Mill Rd Se,Douglas,13069,Coffee County,GA,,12.0,Coastal,20060.0,"Douglas, GA",150000,1
1970-01-01 00:00:00.020200612,2586937901,Anthony Knowles,230 Pinewood Rd,Nichols,13069,Coffee County,GA,,12.0,Coastal,20060.0,"Douglas, GA",33000,1
1970-01-01 00:00:00.020200617,6893917904,Christopher Lee,367 Beach Hwy,Nichols,13069,Coffee County,GA,,1.0,Coastal,20060.0,"Douglas, GA",6300,1
1970-01-01 00:00:00.020200611,2023007900,Broxton Pharmacy Llc,402 Alabama St N,Broxton,13069,Coffee County,GA,,12,Coastal,20060.0,"Douglas, GA",63400,1
1970-01-01 00:00:00.020200611,1972317907,Come Get Me Transportation,242 Miller Rd,Douglas,13069,Coffee County,GA,,12,Coastal,20060.0,"Douglas, GA",10000,1
1970-01-01 00:00:00.020200625,3914448004,Daniel Miller,75 Pineneedle Rd.,Douglas,13069,Coffee County,GA,,12,Coastal,20060.0,"Douglas, GA",5500,1
1970-01-01 00:00:00.020200617,6276287910,Malcom Equipment Llc,1122 Bowens Mill Rd Se,Douglas,13069,Coffee County,GA,,12,Coastal,20060.0,"Douglas, GA",150000,1
1970-01-01 00:00:00.020200617,7231927902,The Royal Collections,134 Underwood Rd,Douglas,13069,Coffee County,GA,,12,Coastal,20060.0,"Douglas, GA",20000,1
1970-01-01 00:00:00.020200622,1531918007,Carver Farms,22 Carver Fletcher Rd,Broxton,13069,Coffee County,GA,,12.0,Coastal,20060.0,"Douglas, GA",150000,1
1970-01-01 00:00:00.020200611,1984497901,"Paulk And Paulk Properties, Llc",242 Miller Rd,Douglas,13069,Coffee County,GA,,12.0,Coastal,20060.0,"Douglas, GA",8700,1
1970-01-01 00:00:00.020200625,3695738007,"Liberty Street Properties, Inc.",100 Van Streat Highway,Nichols,13069,Coffee County,GA,,1.0,Coastal,20060.0,"Douglas, GA",12000,1
1970-01-01 00:00:00.020200611,1783977907,Wholersalers,1428 West Baker Hwy,Douglas,13069,Coffee County,GA,,12.0,Coastal,20060.0,"Douglas, GA",15000,1
1970-01-01 00:00:00.020200616,4153847902,Nura Enterprises,1002 Karen Lane,Douglas,13069,Coffee County,GA,,12.0,Coastal,20060.0,"Douglas, GA",59800,1
1970-01-01 00:00:00.020200617,6535167904,Brandie Payton,3078 Huffer Rd.,Douglas,13069,Coffee County,GA,,12.0,Coastal,20060.0,"Douglas, GA",30000,1
1970-01-01 00:00:00.020200611,2011657910,Kel Transport Inc.,710 Bowens Mill Rd Se,Douglas,13069,Coffee County,GA,,12.0,Coastal,20060.0,"Douglas, GA",150000,1
1970-01-01 00:00:00.020200619,9151387905,"Prime Traders Hospitality, Inc",108 Westgreen Rd,Douglas,13069,Coffee County,GA,,12.0,Coastal,20060.0,"Douglas, GA",150000,1
1970-01-01 00:00:00.020200619,9218637903,"Renown Cargo Trailers, Llc",203 Peachtree St E,Douglas,13069,Coffee County,GA,,12.0,Coastal,20060.0,"Douglas, GA",150000,1
1970-01-01 00:00:00.020200617,6935297907,R2 Global Industries,427 Spikes Road,Pearson,13003,Atkinson County,GA,,8.0,Coastal,20060.0,"Douglas, GA",39100,1
1970-01-01 00:00:00.020200616,5149677901,Christopher W. Grantham,1507 Cypress Ln,Douglas,13069,Coffee County,GA,,12.0,Coastal,20060.0,"Douglas, GA",16700,1
1970-01-01 00:00:00.020200617,7338257902,Roger Taft,2580 Old Douglas Hwy,Pearson,13003,Atkinson County,GA,,8.0,Coastal,20060.0,"Douglas, GA",149800,1
1970-01-01 00:00:00.020200619,8857677906,"Ice Cold, Llc",106 Little Rascals Ln,Broxton,13069,Coffee County,GA,,12.0,Coastal,20060.0,"Douglas, GA",36100,1
1970-01-01 00:00:00.020200610,1332357910,J L Roberts Law Llc,211 North Peterson Avenue,Douglas,13069,Coffee County,GA,,12.0,Coastal,20060.0,"Douglas, GA",97000,1
1970-01-01 00:00:00.020200624,2586838009,Purdy'S Pretty Events,813 Bojo Ella Dr,Douglas,13069,Coffee County,GA,,12.0,Coastal,20060.0,"Douglas, GA",10200,1
1970-01-01 00:00:00.020200620,9383347903,Cliffy Smith,702 Old Rellee Rd,Broxton,13069,Coffee County,GA,,12.0,Coastal,20060.0,"Douglas, GA",150000,1
1970-01-01 00:00:00.020200610,1322707904,Vidhi N Veer Inc,608 E Baker Hwy,Douglas,13069,Coffee County,GA,,12.0,Coastal,20060.0,"Douglas, GA",146600,1
1970-01-01 00:00:00.020200624,3294988000,"Burke Paving Company, Inc.",10579 Bowens Mill Rd,Broxton,13069,Coffee County,GA,,12.0,Coastal,20060.0,"Douglas, GA",150000,1
1970-01-01 00:00:00.020200625,3369678007,Hanging S Supply,5543 Ga-107,Broxton,13069,Coffee County,GA,,12.0,Coastal,20060.0,"Douglas, GA",15500,1
1970-01-01 00:00:00.020200611,2195977905,"Zane Hutto Enterprises, Llc.",1537 Dan Duran Rd,Nichols,13069,Coffee County,GA,,12.0,Coastal,20060.0,"Douglas, GA",3500,1
1970-01-01 00:00:00.020200624,3210938000,"Getaway Charter, Llc.",3903 Hwy 32 E,Nichols,13069,Coffee County,GA,,12.0,Coastal,20060.0,"Douglas, GA",150000,1
1970-01-01 00:00:00.020200612,2894467904,Broxton Blueberry Farm Llc,213 Peterson Ave N,Douglas,13069,Coffee County,GA,,12.0,Coastal,20060.0,"Douglas, GA",150000,1
1970-01-01 00:00:00.020200616,4422287910,The Phelps Agency Llc,336 Phelps Rd,Douglas,13069,Coffee County,GA,,12.0,Coastal,20060.0,"Douglas, GA",88700,1
1970-01-01 00:00:00.020200610,1037387905,Amerson Logistics,4873 New Forest Hwy,Douglas,13069,Coffee County,GA,,12.0,Coastal,20060.0,"Douglas, GA",72000,1
1970-01-01 00:00:00.020200618,8362217906,Griffin Feed Seed And Fertilizer,420 Pearl Ave S,Douglas,13069,Coffee County,GA,,12.0,Coastal,20060.0,"Douglas, GA",150000,1
1970-01-01 00:00:00.020200617,6892657907,Justin Mcclellan,262 Walker Farm Ln,Pearson,13003,Atkinson County,GA,,8.0,Coastal,20060.0,"Douglas, GA",150000,1
1970-01-01 00:00:00.020200616,4363367909,Mckinnon Appraisal Corporation,404 Peterson Ave N,Douglas,13069,Coffee County,GA,,12.0,Coastal,20060.0,"Douglas, GA",45500,1
1970-01-01 00:00:00.020200610,1511737901,Your Decor Outlet,511 S. Peterson Avenue,Douglas,13069,Coffee County,GA,,12.0,Coastal,20060.0,"Douglas, GA",4300,1
1970-01-01 00:00:00.020200610,1022127905,Gray'S Construction,2682 Baymeadows Dr West,Douglas,13069,Coffee County,GA,,12.0,Coastal,20060.0,"Douglas, GA",57000,1
1970-01-01 00:00:00.020200625,3952098007,Shandelora,215 North Peterson Avenue,Douglas,13069,Coffee County,GA,,12.0,Coastal,20060.0,"Douglas, GA",6400,1
1970-01-01 00:00:00.020200610,1587417906,"Shore 2 Shore Trailer Depot, Llc",11825 Bowens Mill Rd,Ambrose,13069,Coffee County,GA,,12.0,Coastal,20060.0,"Douglas, GA",150000,1
1970-01-01 00:00:00.020200616,4024297907,Edward Darrell Smith,1750 Lotts Xing,Broxton,13069,Coffee County,GA,,12.0,Coastal,20060.0,"Douglas, GA",150000,1
1970-01-01 00:00:00.020200616,4511017901,Jeffery Yarberry,361 Lasalle  Rd,Nichols,13069,Coffee County,GA,,12.0,Coastal,20060.0,"Douglas, GA",16400,1
1970-01-01 00:00:00.020200625,3928438002,Umiya C-Store Llc,1000 Baker Hwy W,Douglas,13069,Coffee County,GA,,12.0,Coastal,20060.0,"Douglas, GA",150000,1
1970-01-01 00:00:00.020200617,6569777908,Susan'S Graphics & More,267 Satilla River Hills Rd,Willacoochee,13003,Atkinson County,GA,,12.0,Coastal,20060.0,"Douglas, GA",5500,1
1970-01-01 00:00:00.020200611,2104867902,"Dresses And Dreams, Llc",212 Peterson Ave S,Douglas,13069,Coffee County,GA,,12.0,Coastal,20060.0,"Douglas, GA",35800,1
1970-01-01 00:00:00.020200617,6418057907,"H & H Equipment Sales, Inc.",2300 Ga Hwy 32 West,Nichols,13069,Coffee County,GA,,1.0,Coastal,20060.0,"Douglas, GA",81700,1
1970-01-01 00:00:00.020200618,7593247907,J&D Trucking,420 Hansell Sears Rd,Douglas,13069,Coffee County,GA,,12.0,Coastal,20060.0,"Douglas, GA",17300,1
1970-01-01 00:00:00.020200611,2204977908,Morris Drug Co. Inc.,646 N Main St,Pearson,13003,Atkinson County,GA,,8.0,Coastal,20060.0,"Douglas, GA",150000,1
1970-01-01 00:00:00.020200617,6796827910,Connor Farabow,207 Farabow Rd,Broxton,13069,Coffee County,GA,,12,Coastal,20060.0,"Douglas, GA",20800,1
1970-01-01 00:00:00.020200617,6958577900,Jerry Mckinnon,149 Macs Landing,Douglas,13069,Coffee County,GA,,12,Coastal,20060.0,"Douglas, GA",150000,1
1970-01-01 00:00:00.020200622,9910867909,Patricia A. Clark,184 Burl Mill Rd,Nichols,13069,Coffee County,GA,,12,Coastal,20060.0,"Douglas, GA",3000,1
1970-01-01 00:00:00.020200617,6927837903,Mason Davis,75 Md Davis Ln # 75,Pearson,13003,Atkinson County,GA,,08,Coastal,20060.0,"Douglas, GA",17500,1
1970-01-01 00:00:00.020200617,6798587903,Johnathan Farabow,6909 Us Hwy 441 N,Broxton,13069,Coffee County,GA,,12,Coastal,20060.0,"Douglas, GA",41600,1
1970-01-01 00:00:00.020200612,3149487904,Punctilious Painters Llc,470 Shiloh Rd,Douglas,13069,Coffee County,GA,31533,12,Coastal,20060.0,"Douglas, GA",40000,1
1970-01-01 00:00:00.020200620,9641117908,Kelly Lee,237 Locust Lane,Nichols,13069,Coffee County,GA,31554,12,Coastal,20060.0,"Douglas, GA",2400,1
1970-01-01 00:00:00.020200610,1284237903,"Peach State Non Emergency Transport, Llc",101 Bowen Mill Rd Suite H,Douglas,13069,Coffee County,GA,,12.0,Coastal,20060.0,"Douglas, GA",150000,1
1970-01-01 00:00:00.020200612,3054287900,Paulk Tax Services,905 S Gaskin Ave,Douglas,13069,Coffee County,GA,,12.0,Coastal,20060.0,"Douglas, GA",12000,1
1970-01-01 00:00:00.020200611,2000887903,Southern Trailer Depot Llc,553 Mallard Pointe Dr,Douglas,13069,Coffee County,GA,,12.0,Coastal,20060.0,"Douglas, GA",150000,1
1970-01-01 00:00:00.020200610,1260137903,Marshall Tanner,1468 Paradise Lane,Douglas,13069,Coffee County,GA,,12.0,Coastal,20060.0,"Douglas, GA",8600,1
1970-01-01 00:00:00.020200612,3008737903,Collins Cardiology,1208 Ocilla Rd,Douglas,13069,Coffee County,GA,,12.0,Coastal,20060.0,"Douglas, GA",150000,1
1970-01-01 00:00:00.020200611,2558887902,Darren W. Chambers,1408 Fairway Drive,Douglas,13069,Coffee County,GA,,12.0,Coastal,20060.0,"Douglas, GA",9300,1
1970-01-01 00:00:00.020200618,8314717909,"Drew House Llc, The",108 Peterson Ave North,Douglas,13069,Coffee County,GA,,12.0,Coastal,20060.0,"Douglas, GA",1400,1
1970-01-01 00:00:00.020200618,7665917907,Rocky Creek Farms,2593 Baymeadows Dr W,Douglas,13069,Coffee County,GA,,12.0,Coastal,20060.0,"Douglas, GA",14500,1
1970-01-01 00:00:00.020200611,2354327907,"Hobbs International Group, Llc",106 Plant Ave,Douglas,13069,Coffee County,GA,,12.0,Coastal,20060.0,"Douglas, GA",150000,1
1970-01-01 00:00:00.020200625,4072658005,Monica Davis,558 Trace Cir,Douglas,13069,Coffee County,GA,,12.0,Coastal,20060.0,"Douglas, GA",3000,1
1970-01-01 00:00:00.020200612,3413697908,"Michael Paulk, Llc",4075 Vickers Street,Ambrose,13069,Coffee County,GA,,12.0,Coastal,20060.0,"Douglas, GA",150000,1
1970-01-01 00:00:00.020200610,1457107909,Child Advocacy Center Of Coffee County,5 Airport Circle,Douglas,13069,Coffee County,GA,,12.0,Coastal,20060.0,"Douglas, GA",103000,1
1970-01-01 00:00:00.020200618,8598357909,Herrera Trucking Llc,1035 Dolly Brock Rd,Douglas,13069,Coffee County,GA,,12.0,Coastal,20060.0,"Douglas, GA",5500,1
1970-01-01 00:00:00.020200610,1222707907,Fletcher Farms Llc,135 Callaway Drive,Douglas,13069,Coffee County,GA,,12.0,Coastal,20060.0,"Douglas, GA",72200,1
1970-01-01 00:00:00.020200616,4807307904,Denise L Brooker,209 Pine St,Ambrose,13069,Coffee County,GA,,12.0,Coastal,20060.0,"Douglas, GA",65000,1
1970-01-01 00:00:00.020200612,3422907901,"Kirkland Transportation, Llc",272 Nicholls Cemetery Road,Nichols,13069,Coffee County,GA,,12.0,Coastal,20060.0,"Douglas, GA",150000,1
1970-01-01 00:00:00.020200622,1076868002,Harvest Time Produce,1634 Highway 158 West,Douglas,13069,Coffee County,GA,,12.0,Coastal,20060.0,"Douglas, GA",41500,1
1970-01-01 00:00:00.020200616,4637977902,S&P Transportation,402 Alamo Rd,Willacoochee,13003,Atkinson County,GA,,12.0,Coastal,20060.0,"Douglas, GA",139900,1
1970-01-01 00:00:00.020200612,3474377910,"South Central Truck Sales, Inc",500 Alabama St N,Broxton,13069,Coffee County,GA,,12.0,Coastal,20060.0,"Douglas, GA",150000,1
1970-01-01 00:00:00.020200622,1374488004,Tylabell Farms Llc,2517 Aubrey Fender Road,Willacoochee,13003,Atkinson County,GA,,8.0,Coastal,20060.0,"Douglas, GA",5000,1
1970-01-01 00:00:00.020200612,3487767908,Otter Run Farm And Nursery Llc,1501 Cypress Ln,Douglas,13069,Coffee County,GA,,12.0,Coastal,20060.0,"Douglas, GA",150000,1
1970-01-01 00:00:00.020200612,3525187902,"South Central Truck Sales Of Douglas, Inc",137 Se Bowens Mill Rd,Douglas,13069,Coffee County,GA,,12.0,Coastal,20060.0,"Douglas, GA",150000,1
1970-01-01 00:00:00.020200616,4956307908,"Clements Investments,  Llc",792 Mallard Pointe Drive,Douglas,13069,Coffee County,GA,,12.0,Coastal,20060.0,"Douglas, GA",7400,1
1970-01-01 00:00:00.020200616,4392277905,"Vickers Trucking, Llc",729 Hill Rd,Douglas,13069,Coffee County,GA,,12.0,Coastal,20060.0,"Douglas, GA",95000,1
1970-01-01 00:00:00.020200623,2080268007,Interlock Automation And Controls,1238 Loyce Ln,Douglas,13069,Coffee County,GA,31533,12.0,Coastal,20060.0,"Douglas, GA",40000,1
1970-01-01 00:00:00.020200620,9759037903,Ptp Properties Managment Llc,55 Berry Drive,Broxton,13069,Coffee County,GA,31519,12.0,Coastal,20060.0,"Douglas, GA",18000,1
1970-01-01 00:00:00.020200612,3537027908,"Jmc Enterprises, Llc",1421 Baker Hwy W,Douglas,13069,Coffee County,GA,,12.0,Coastal,20060.0,"Douglas, GA",55600,1
1970-01-01 00:00:00.020200612,3519037907,Major League Blueberries Llc,1501 Cypress Ln,Douglas,13069,Coffee County,GA,,12,Coastal,20060.0,"Douglas, GA",126900,1
1970-01-01 00:00:00.020200612,3277777902,Shelia Carver,425 Riverbend Estates Rd,Broxton,13069,Coffee County,GA,,12.0,Coastal,20060.0,"Douglas, GA",75500,1
1970-01-01 00:00:00.020200612,3312627910,Lori Elaine Heveder Deen,1207 Peterson Ave N,Douglas,13069,Coffee County,GA,,12.0,Coastal,20060.0,"Douglas, GA",22500,1
1970-01-01 00:00:00.020200618,8548767905,Bracewell Trucking Llc,901 Pure Country Rd,Broxton,13069,Coffee County,GA,,12.0,Coastal,20060.0,"Douglas, GA",37400,1
1970-01-01 00:00:00.020200623,2138448006,Forestate Llc,193 Wiregrass Road,Douglas,13069,Coffee County,GA,,12.0,Coastal,20060.0,"Douglas, GA",9500,1
1970-01-01 00:00:00.020200616,4026167907,That Phone Guy Llc,2172 Us Highway 221 N,Douglas,13069,Coffee County,GA,,12.0,Coastal,20060.0,"Douglas, GA",13100,1
1970-01-01 00:00:00.020200612,3185287900,M & W Farms Inc,5282 Old River Rd,Broxton,13069,Coffee County,GA,,12.0,Coastal,20060.0,"Douglas, GA",34800,1
1970-01-01 00:00:00.020200617,6773047909,Lamar Dale,295 Dale Circle,Broxton,13069,Coffee County,GA,,12.0,Coastal,20060.0,"Douglas, GA",34600,1
1970-01-01 00:00:00.020200617,7485157907,Knight Restaurants Llc,1645 Peterson Ave S,Douglas,13069,Coffee County,GA,,12,Coastal,20060.0,"Douglas, GA",150000,1
1970-01-01 00:00:00.020200616,4856987905,"Sega Blueberry, Llc",213 Peterson Ave N,Douglas,13069,Coffee County,GA,,12,Coastal,20060.0,"Douglas, GA",150000,1
1970-01-01 00:00:00.020200616,3971447908,Susan A. Thurman,185 Thurman Road,Broxton,13069,Coffee County,GA,,12,Coastal,20060.0,"Douglas, GA",2300,1
1970-01-01 00:00:00.020200620,9781777909,"Teachers Too Early Childcare & Learning Center, Inc",1723 Ga Highway 158 W,Douglas,13069,Coffee County,GA,,12,Coastal,20060.0,"Douglas, GA",25000,1
1970-01-01 00:00:00.020200624,2649948005,"Clint L Lott Iv, Llc",416 East Bryan Street,Douglas,13069,Coffee County,GA,,12.0,Coastal,20060.0,"Douglas, GA",25000,1
1970-01-01 00:00:00.020200618,8218157907,Mobley Discount Pharmacy Inc,5647 George Deen Rd,Broxton,13069,Coffee County,GA,,12.0,Coastal,20060.0,"Douglas, GA",27000,1
1970-01-01 00:00:00.020200617,5641247903,Tru Electric,99 Moonlight Lane,Axson,13003,Atkinson County,GA,,8.0,Coastal,20060.0,"Douglas, GA",36500,1
1970-01-01 00:00:00.020200625,3478038002,Adens Minit Market Inc,2630 Us Highway 441 S,Douglas,13069,Coffee County,GA,,12.0,Coastal,20060.0,"Douglas, GA",150000,1
1970-01-01 00:00:00.020200619,9048667908,"Burnam Berry Farms, Llc",113 Dorothy Burnam Rd,Nichols,13069,Coffee County,GA,,12.0,Coastal,20060.0,"Douglas, GA",150000,1
1970-01-01 00:00:00.020200617,6955047910,"Pine Ridge Management, Llc",830 Andy Day Rd,Ambrose,13069,Coffee County,GA,,12.0,Coastal,20060.0,"Douglas, GA",150000,1
1970-01-01 00:00:00.020200617,5954187910,Tom Batten,403 Rose Lane,Douglas,13069,Coffee County,GA,,12.0,Coastal,20060.0,"Douglas, GA",86600,1
1970-01-01 00:00:00.020200617,6440847904,Earlie T Mcquaig,503 Knollwood Rd,Broxton,13069,Coffee County,GA,,12.0,Coastal,20060.0,"Douglas, GA",4500,1
1970-01-01 00:00:00.020200616,3842367901,Shelby & Associates Inc,235 Peterson Ave S,Douglas,13069,Coffee County,GA,,12.0,Coastal,20060.0,"Douglas, GA",77600,1
1970-01-01 00:00:00.020200620,9376757910,"Otter Creek Management, Llc",1005 Greensway Dr,Douglas,13069,Coffee County,GA,,12.0,Coastal,20060.0,"Douglas, GA",94500,1
1970-01-01 00:00:00.020200622,1096938007,"Mary Della Trucking, Llc",11234 Ga Highway 32 W,Ambrose,13069,Coffee County,GA,,12.0,Coastal,20060.0,"Douglas, GA",34200,1
1970-01-01 00:00:00.020200616,4082097904,Kyle Banner Waldron,2450 Paradise Ln,Douglas,13069,Coffee County,GA,,12.0,Coastal,20060.0,"Douglas, GA",34200,1
1970-01-01 00:00:00.020200625,3624278003,James Butler,191 Moses Faison Road,Broxton,13069,Coffee County,GA,,12.0,Coastal,20060.0,"Douglas, GA",25000,1
1970-01-01 00:00:00.020200624,2905728009,Sapp Motors Llc,1138 Se Bowens Mill Rd,Douglas,13069,Coffee County,GA,,12.0,Coastal,20060.0,"Douglas, GA",19200,1
1970-01-01 00:00:00.020200616,5130377905,Five O Farms,55 Jesses Ln,Ambrose,13069,Coffee County,GA,,12.0,Coastal,20060.0,"Douglas, GA",150000,1
1970-01-01 00:00:00.020200617,6921647904,Denise Renee Llc,808 South Madison Avenue,Douglas,13069,Coffee County,GA,,12.0,Coastal,20060.0,"Douglas, GA",38500,1
1970-01-01 00:00:00.020200624,2917538008,"Kingdom Building International Ministries, Inc",1203 Ethel St,Douglas,13069,Coffee County,GA,,12.0,Coastal,20060.0,"Douglas, GA",14000,1
1970-01-01 00:00:00.020200616,4346037902,"Highsmith Air Compressors,L.L.C.",2504 Ga Hwy 32 E,Douglas,13069,Coffee County,GA,,12.0,Coastal,20060.0,"Douglas, GA",135400,1
1970-01-01 00:00:00.020200619,9017707904,"Deen Distributing, Inc.",441 Blue Duck Lane,Broxton,13069,Coffee County,GA,,12.0,Coastal,20060.0,"Douglas, GA",27600,1
1970-01-01 00:00:00.020200618,7670687904,"Purvis Flying Service, Llc",140 Airport Circle,Douglas,13069,Coffee County,GA,,12.0,Coastal,20060.0,"Douglas, GA",128200,1
1970-01-01 00:00:00.020200625,3647218010,Cornelius Leggett Jr.,52 Ridgle Lane North,Douglas,13069,Coffee County,GA,,12.0,Coastal,20060.0,"Douglas, GA",4000,1
1970-01-01 00:00:00.020200616,4437487903,Jgm Counseling,216 Basswood Road,Douglas,13069,Coffee County,GA,,12.0,Coastal,20060.0,"Douglas, GA",21500,1
1970-01-01 00:00:00.020200616,3890067910,Dev Corporation,1750 Peterson Ave S,Douglas,13069,Coffee County,GA,,12.0,Coastal,20060.0,"Douglas, GA",150000,1
1970-01-01 00:00:00.020200616,4083657908,T L Jordan Construction Llc,395 Willie Anderson Rd,Nichols,13069,Coffee County,GA,,12.0,Coastal,20060.0,"Douglas, GA",40900,1
1970-01-01 00:00:00.020200616,4375077902,Baylyn Enterprises Inc,336 Phelps Rd,Douglas,13069,Coffee County,GA,,12.0,Coastal,20060.0,"Douglas, GA",92300,1
1970-01-01 00:00:00.020200619,9122137901,"Dwk Investments, Llc",1645 S. Peterson Avenue,Douglas,13069,Coffee County,GA,,12.0,Coastal,20060.0,"Douglas, GA",28000,1
1970-01-01 00:00:00.020200616,4693177903,Mike Nugent Trucking Llc,299 Nugget Lane,Willacoochee,13003,Atkinson County,GA,,8.0,Coastal,20060.0,"Douglas, GA",17100,1
1970-01-01 00:00:00.020200616,3863997901,Lane Logistics Llc,2227 New Hope Road,Ambrose,13069,Coffee County,GA,,12.0,Coastal,20060.0,"Douglas, GA",6000,1
1970-01-01 00:00:00.020200616,4176817907,Stacy Jones,335 Shrouder Rd,Broxton,13069,Coffee County,GA,,12.0,Coastal,20060.0,"Douglas, GA",14000,1
1970-01-01 00:00:00.020200617,6506587902,Jeffery Quinn,428 George Deen Rd,Broxton,13069,Coffee County,GA,,12.0,Coastal,20060.0,"Douglas, GA",34900,1
1970-01-01 00:00:00.020200619,8791387909,Graham Farms Insurance Agency,831 B Peterson Ave S,Douglas,13069,Coffee County,GA,,12.0,Coastal,20060.0,"Douglas, GA",14500,1
1970-01-01 00:00:00.020200616,5156027903,Norman Fussell,10178 Highway 32 W,Douglas,13069,Coffee County,GA,,12.0,Coastal,20060.0,"Douglas, GA",97800,1
1970-01-01 00:00:00.020200618,7789667906,Jpv Inc,1350 W West Ward Ext,Douglas,13069,Coffee County,GA,,12.0,Coastal,20060.0,"Douglas, GA",34900,1
1970-01-01 00:00:00.020200617,7309687903,Puddin Creek Farms Llc,88 Poultry Ln,Pearson,13003,Atkinson County,GA,,8.0,Coastal,20060.0,"Douglas, GA",150000,1
1970-01-01 00:00:00.020200616,4936937901,"Tyler Deen Farms, Llc",4068 George Deen Rd,Broxton,13069,Coffee County,GA,,12.0,Coastal,20060.0,"Douglas, GA",150000,1
1970-01-01 00:00:00.020200616,4467977909,Kerry Van Moore Farms,10 James Moore Rd,West Green,13069,Coffee County,GA,,12.0,Coastal,20060.0,"Douglas, GA",150000,1
1970-01-01 00:00:00.020200617,5976707901,Bruce Batten,577 Rexford Batten Rd,Douglas,13069,Coffee County,GA,,12.0,Coastal,20060.0,"Douglas, GA",23000,1
1970-01-01 00:00:00.020200618,8614167901,Bracewell Land Clearing Llc,901 Pure Country Rd,Broxton,13069,Coffee County,GA,,12.0,Coastal,20060.0,"Douglas, GA",60400,1
1970-01-01 00:00:00.020200617,6937277905,Dennis Harper,181 Templeton Rd,Willacoochee,13003,Atkinson County,GA,,12.0,Coastal,20060.0,"Douglas, GA",17200,1
1970-01-01 00:00:00.020200618,7612847906,Milap Enterprises,319 Walker St E Apt B,Douglas,13069,Coffee County,GA,,12.0,Coastal,20060.0,"Douglas, GA",81500,1
1970-01-01 00:00:00.020200622,1016278000,Moores Lawn Service,1814 Old Axson Rd Lot 14,Douglas,13069,Coffee County,GA,,12.0,Coastal,20060.0,"Douglas, GA",2500,1
1970-01-01 00:00:00.020200617,6925537903,Delbert Davis,237 Harley Davis Ln,Pearson,13003,Atkinson County,GA,,8.0,Coastal,20060.0,"Douglas, GA",132000,1
1970-01-01 00:00:00.020200618,7721927905,Glenn Kevin Dillingham Farms,144 Crosby Ln,Axson,13003,Atkinson County,GA,,8.0,Coastal,20060.0,"Douglas, GA",150000,1
1970-01-01 00:00:00.020200617,6526667910,Jacquelyn P Vickers,1350 Ward Street Ext W,Douglas,13069,Coffee County,GA,,12.0,Coastal,20060.0,"Douglas, GA",7100,1
1970-01-01 00:00:00.020200617,7565197908,Nguyen Installation,33 Lakeside Cir,Douglas,13069,Coffee County,GA,,12.0,Coastal,20060.0,"Douglas, GA",2300,1
1970-01-01 00:00:00.020200623,1784958006,A&E Handyman Services,2017 Youngie Fussell Rd,Ambrose,13069,Coffee County,GA,,12.0,Coastal,20060.0,"Douglas, GA",8500,1
1970-01-01 00:00:00.020200617,6913797903,Lh English Farms Inc,2080 Ga Hwy 64,Nichols,13069,Coffee County,GA,,12.0,Coastal,20060.0,"Douglas, GA",74400,1
1970-01-01 00:00:00.020200620,9813577903,Lindsey Boone,506 N.Peterson Ave.,Douglas,13069,Coffee County,GA,,12.0,Coastal,20060.0,"Douglas, GA",10800,1
1970-01-01 00:00:00.020200618,8100387900,"K W Eatery, Llc",1347 Fleetwood Circle,Douglas,13069,Coffee County,GA,,12.0,Coastal,20060.0,"Douglas, GA",39000,1
1970-01-01 00:00:00.020200617,5893467906,"Hennesy Investments, Llc",711 North Madison Ave,Douglas,13069,Coffee County,GA,,12.0,Coastal,20060.0,"Douglas, GA",4200,1
1970-01-01 00:00:00.020200617,7284097906,Greg Taylor'S Process Service,8800 Beach Rd,Nichols,13069,Coffee County,GA,,1.0,Coastal,20060.0,"Douglas, GA",11500,1
1970-01-01 00:00:00.020200616,3749377910,Kyle Lott,43 Red Oak Street,Douglas,13069,Coffee County,GA,,12.0,Coastal,20060.0,"Douglas, GA",10000,1
1970-01-01 00:00:00.020200617,7247667901,"Jwj Broadcast, Llc",1002 Greensway Dr,Douglas,13069,Coffee County,GA,,12.0,Coastal,20060.0,"Douglas, GA",55000,1
1970-01-01 00:00:00.020200616,4364427905,Shandelora'S Beauty Studio And Message,215 North Peterson Ave,Douglas,13069,Coffee County,GA,,12.0,Coastal,20060.0,"Douglas, GA",14300,1
1970-01-01 00:00:00.020200616,4895227903,Wall To Wall Farms Llc,2323 Ga Highway 268,Broxton,13069,Coffee County,GA,,12.0,Coastal,20060.0,"Douglas, GA",150000,1
1970-01-01 00:00:00.020200618,8582267901,Shane Pridgen,1265 Pridgen Rd,Broxton,13069,Coffee County,GA,,12.0,Coastal,20060.0,"Douglas, GA",150000,1
1970-01-01 00:00:00.020200617,6264357910,"The Speech & Swallowing Clinic, Llc",306 Shirley Ave,Douglas,13069,Coffee County,GA,,12.0,Coastal,20060.0,"Douglas, GA",150000,1
1970-01-01 00:00:00.020200622,9936667906,William Ballantyne,57 Rebecca Rd,Douglas,13069,Coffee County,GA,,12.0,Coastal,20060.0,"Douglas, GA",58600,1
1970-01-01 00:00:00.020200619,8866957909,Lessie Youngblood,371 Wesley Harrell Lane,Pearson,13003,Atkinson County,GA,31642,8.0,Coastal,20060.0,"Douglas, GA",2300,1
1970-01-01 00:00:00.020200617,5912207905,Guthries Motors Inc,311 Albany Ave W,Pearson,13003,Atkinson County,GA,,8.0,Coastal,20060.0,"Douglas, GA",150000,1
2020-07-01 00:00:00.000000000,7478098007,Top Massage Llc,2911 Chaple Hill Rd Suite 109,Douglas,13069,Coffee County,GA,30135,13,Coastal,20060.0,"Douglas, GA",58500,1
1970-01-01 00:00:00.020200626,4452418005,"Westside Surgery Center, Llc",312 Westside Dr,Douglas,13069,Coffee County,GA,,12.0,Coastal,20060.0,"Douglas, GA",150000,1
1970-01-01 00:00:00.020200706,8596348005,4 F Pecans,1590 Conway Vickers Rd.,Ambrose,13069,Coffee County,GA,,12.0,Coastal,20060.0,"Douglas, GA",27000,1
1970-01-01 00:00:00.020200629,5741298007,Beckelli Motors Llc,620 East Ward Street,Douglas,13069,Coffee County,GA,,12.0,Coastal,20060.0,"Douglas, GA",50100,1
1970-01-01 00:00:00.020200707,9088208007,Dennis Y Jowers,1603 Doctor Denton Road,Broxton,13069,Coffee County,GA,,12.0,Coastal,20060.0,"Douglas, GA",80000,1
1970-01-01 00:00:00.020200702,7735338009,Diane Michelle Mitchell,92 Candlelight Ln,Willacoochee,13003,Atkinson County,GA,,12.0,Coastal,20060.0,"Douglas, GA",10000,1
1970-01-01 00:00:00.020200702,7982808005,Banita Sanders,32 Gaskins Avenue,Pearson,13003,Atkinson County,GA,,8.0,Coastal,20060.0,"Douglas, GA",4500,1
1970-01-01 00:00:00.020200715,3616318100,K & T Cleaning Service,2092 Rebecca S Waldron Road,Douglas,13069,Coffee County,GA,,12.0,Coastal,20060.0,"Douglas, GA",4000,1
1970-01-01 00:00:00.020200708,9782898004,"D. Conrad Harper Md, Llc",102 Bowens Mill Rd,Douglas,13069,Coffee County,GA,,12.0,Coastal,20060.0,"Douglas, GA",150000,1
1970-01-01 00:00:00.020200701,7344328009,Thomas E. Frost,207 North Mill Street,Nichols,13069,Coffee County,GA,,12.0,Coastal,20060.0,"Douglas, GA",2400,1
1970-01-01 00:00:00.020200706,8947008000,"Hhp Enterprises, Inc.",618 N Peterson Ave,Douglas,13069,Coffee County,GA,,12.0,Coastal,20060.0,"Douglas, GA",150000,1
1970-01-01 00:00:00.020200708,9821408001,Town And Country On Walker Llc,13 Lou Ln,Douglas,13069,Coffee County,GA,,12.0,Coastal,20060.0,"Douglas, GA",13400,1
1970-01-01 00:00:00.020200702,7900428006,Changing Faces Barbershop And,528 Railroad St E,Douglas,13069,Coffee County,GA,,12.0,Coastal,20060.0,"Douglas, GA",39000,1
1970-01-01 00:00:00.020200715,3654938110,Ronald R. Worth,817 N Peterson Avenue,Douglas,13069,Coffee County,GA,,12.0,Coastal,20060.0,"Douglas, GA",13400,1
1970-01-01 00:00:00.020200707,9382278007,"Sugarbrook Berry, Llc",4508 Brooks Rd,Broxton,13069,Coffee County,GA,,12.0,Coastal,20060.0,"Douglas, GA",150000,1
1970-01-01 00:00:00.020200723,7136518100,Christopher Howard,1000 East Baker Hwy A2,Douglas,13069,Coffee County,GA,,12.0,Coastal,20060.0,"Douglas, GA",6300,1
1970-01-01 00:00:00.020200703,8210478007,Strongmen Services Company Llc,422 Jefferson St E,Douglas,13069,Coffee County,GA,,12.0,Coastal,20060.0,"Douglas, GA",17700,1
1970-01-01 00:00:00.020200708,9615578005,Hill Top Farms,154 Wd Hilltop Farm Lane,Willacoochee,13003,Atkinson County,GA,,8.0,Coastal,20060.0,"Douglas, GA",65900,1
1970-01-01 00:00:00.020200723,7172388106,Adams Landscaping & Irrigation Llc,802 Iron Rd,Douglas,13069,Coffee County,GA,,12.0,Coastal,20060.0,"Douglas, GA",53500,1
1970-01-01 00:00:00.020200701,7528838003,"Douglas Internal Medicine, Pc",306 Westside Drive,Douglas,13069,Coffee County,GA,,12.0,Coastal,20060.0,"Douglas, GA",150000,1
1970-01-01 00:00:00.020200713,2771378102,"Hark Pharmaceutical, Llc",250 S. Peterson Ave.,Douglas,13069,Coffee County,GA,,12.0,Coastal,20060.0,"Douglas, GA",150000,1
1970-01-01 00:00:00.020200708,9842188006,Courtney'S,406 Mackenzie Circle,Douglas,13069,Coffee County,GA,,12.0,Coastal,20060.0,"Douglas, GA",9600,1
1970-01-01 00:00:00.020200703,8322308007,Meenaxi Llc,700 Van Streat Hwy,Nichols,13069,Coffee County,GA,,12.0,Coastal,20060.0,"Douglas, GA",150000,1
1970-01-01 00:00:00.020200711,1781198106,Gerry D Harrell,4071 Huffer Rd,Douglas,13069,Coffee County,GA,,12.0,Coastal,20060.0,"Douglas, GA",15300,1
1970-01-01 00:00:00.020200709,1159618101,Laheinus Mccoggle,5890 Antioch Church Rd,Willacoochee,13003,Atkinson County,GA,,08,Coastal,20060.0,"Douglas, GA",11000,1
1970-01-01 00:00:00.020200629,5660588009,Mmg Farms Llc,1020 Henry Rowell Rd,Nichols,13069,Coffee County,GA,,12,Coastal,20060.0,"Douglas, GA",80700,1
1970-01-01 00:00:00.020200701,7559478005,"Dockery Enterprises, Inc.",3080 Old River Rd,Broxton,13069,Coffee County,GA,,12.0,Coastal,20060.0,"Douglas, GA",3000,1
1970-01-01 00:00:00.020200713,2327368103,Glaziers On Demand Llc,7153 Ga Highway 32 W,Douglas,13069,Coffee County,GA,,12.0,Coastal,20060.0,"Douglas, GA",150000,1
1970-01-01 00:00:00.020200708,9782168008,"Mm Transportation, Llc",60 South Main Street,Pearson,13003,Atkinson County,GA,,8.0,Coastal,20060.0,"Douglas, GA",25000,1
1970-01-01 00:00:00.020200713,2869958108,Spirits South Llc,306 Westside Drive,Douglas,13069,Coffee County,GA,,12.0,Coastal,20060.0,"Douglas, GA",122400,1
1970-01-01 00:00:00.020200707,9460338008,"Jeans Team Logistics, Llc",4503 Hwy 32 W,Douglas,13069,Coffee County,GA,,12.0,Coastal,20060.0,"Douglas, GA",150000,1
1970-01-01 00:00:00.020200713,2869648109,"Coffee County Hospitalist Physicians, Llc",306 Westside Drive,Douglas,13069,Coffee County,GA,,12,Coastal,20060.0,"Douglas, GA",150000,1
1970-01-01 00:00:00.020200701,7160568006,Michael Caves,150 Bethel Road,Douglas,13069,Coffee County,GA,,12,Coastal,20060.0,"Douglas, GA",31500,1
1970-01-01 00:00:00.020200709,1352238107,"Cady Bag Company, Llc",41 Project Circle,Pearson,13003,Atkinson County,GA,,8,Coastal,20060.0,"Douglas, GA",150000,1
1970-01-01 00:00:00.020200626,4442228003,Euras H Meeks,7171 Nails Rd,Nichols,13069,Coffee County,GA,,1,Coastal,20060.0,"Douglas, GA",59000,1
1970-01-01 00:00:00.020200708,9754458004,"Sinclair'S Skintastic, Llc",306 Westside Drive,Douglas,13069,Coffee County,GA,,12,Coastal,20060.0,"Douglas, GA",72800,1
1970-01-01 00:00:00.020200711,2003208105,Gilliard Logging Llc,1020 Henry Rowell Rd,Nichols,13069,Coffee County,GA,,12.0,Coastal,20060.0,"Douglas, GA",150000,1
1970-01-01 00:00:00.020200708,9813558000,Express Lube Of Douglas Inc,1126 Bowens Mill Rd S E,Douglas,13069,Coffee County,GA,,12.0,Coastal,20060.0,"Douglas, GA",150000,1
1970-01-01 00:00:00.020200709,1002798100,Michelle Graham,3579 Conway Vickers Rd,Ambrose,13069,Coffee County,GA,,12.0,Coastal,20060.0,"Douglas, GA",1600,1
1970-01-01 00:00:00.020200703,8213758003,Positive Alternative Counseling,302 Westside Drive,Douglas,13069,Coffee County,GA,,12.0,Coastal,20060.0,"Douglas, GA",24100,1
1970-01-01 00:00:00.020200713,2867478102,Carter Oil Co Inc,299 Main St E,Willacoochee,13003,Atkinson County,GA,,8.0,Coastal,20060.0,"Douglas, GA",150000,1
1970-01-01 00:00:00.020200711,2002378108,"Rmr Iii Consulting, Inc",421 Youngie Fussell Rd,Ambrose,13069,Coffee County,GA,,12.0,Coastal,20060.0,"Douglas, GA",150000,1
1970-01-01 00:00:00.020200708,9672138009,Peebos Professional Cleaning Service Llc,809 Grady Ave  N,Douglas,13069,Coffee County,GA,,12.0,Coastal,20060.0,"Douglas, GA",6600,1
1970-01-01 00:00:00.020200701,7469568004,"Scott Kirkland Jewelers And Repairs, Llc",316 S Perterson Ave,Douglas,13069,Coffee County,GA,,12.0,Coastal,20060.0,"Douglas, GA",14000,1
1970-01-01 00:00:00.020200629,6087858008,Move Of God Deliverance Center,121 Pinecrest Drive,Douglas,13069,Coffee County,GA,,12.0,Coastal,20060.0,"Douglas, GA",10000,1
1970-01-01 00:00:00.020200714,3067598110,Katherine Page Portraits Llc,115 Gaskin Avenue North,Douglas,13069,Coffee County,GA,,12.0,Coastal,20060.0,"Douglas, GA",18100,1
1970-01-01 00:00:00.020200701,7267158001,Claude Carver,138 Saint Illa Church Road,Douglas,13069,Coffee County,GA,,12.0,Coastal,20060.0,"Douglas, GA",96000,1
1970-01-01 00:00:00.020200703,8146838002,Absolute Custom Stone,345 Running Rose Circle,Douglas,13069,Coffee County,GA,,12.0,Coastal,20060.0,"Douglas, GA",51100,1
1970-01-01 00:00:00.020200713,2492268101,Georgia Boy Lawn Service,1005 Mcdonald Road,Douglas,13069,Coffee County,GA,,12.0,Coastal,20060.0,"Douglas, GA",6500,1
1970-01-01 00:00:00.020200708,9628948008,Dawsonpalm Farms,839 Harvey Taft Rd,Pearson,13003,Atkinson County,GA,,8.0,Coastal,20060.0,"Douglas, GA",82000,1
1970-01-01 00:00:00.020200702,7668558004,Creative Customz,1515 Wynn Ave,Douglas,13069,Coffee County,GA,,12.0,Coastal,20060.0,"Douglas, GA",2000,1
1970-01-01 00:00:00.020200709,1221478109,Van Wilson Jr,602 East Pond Road,Douglas,13069,Coffee County,GA,,12.0,Coastal,20060.0,"Douglas, GA",53300,1
1970-01-01 00:00:00.020200709,1443118101,"Lott'S Logging, Inc.",280 Mathew Road,Pearson,13003,Atkinson County,GA,,8.0,Coastal,20060.0,"Douglas, GA",150000,1
1970-01-01 00:00:00.020200711,1740148106,Tanikia Colson,80 Matts Way,Douglas,13069,Coffee County,GA,,12.0,Coastal,20060.0,"Douglas, GA",4000,1
1970-01-01 00:00:00.020200701,7428028010,Kosey,967 Kamera Rd,Douglas,13069,Coffee County,GA,,12.0,Coastal,20060.0,"Douglas, GA",2300,1
1970-01-01 00:00:00.020200714,3379338101,Bonnies This N That,101 N Liberty St,Nichols,13069,Coffee County,GA,,12.0,Coastal,20060.0,"Douglas, GA",10000,1
1970-01-01 00:00:00.020200626,4746868006,April & Andrea James Llc,1820 Cogdell Hwy,Pearson,13003,Atkinson County,GA,,8.0,Coastal,20060.0,"Douglas, GA",75200,1
1970-01-01 00:00:00.020200715,3969428104,Tyrone Jordan,395 Willie Anderson Rd,Nichols,13069,Coffee County,GA,,12.0,Coastal,20060.0,"Douglas, GA",5500,1
1970-01-01 00:00:00.020200629,5886808006,Uber,606 East Jefferson St,Douglas,13069,Coffee County,GA,,12.0,Coastal,20060.0,"Douglas, GA",6500,1
1970-01-01 00:00:00.020200715,3862928101,Mnk Consulting & Services,505 E Franklin St,Douglas,13069,Coffee County,GA,31533,12.0,Coastal,20060.0,"Douglas, GA",3000,1
1970-01-01 00:00:00.020200709,1198908108,Quail Grove Plantation,472 Tara Rd,Douglas,13069,Coffee County,GA,31535,12.0,Coastal,20060.0,"Douglas, GA",1100,1
1970-01-01 00:00:00.020200629,5362068008,Parkland,1539 John Moore Road,West Green,13069,Coffee County,GA,31567,12.0,Coastal,20060.0,"Douglas, GA",1000,1
1970-01-01 00:00:00.020200709,1355328105,Willie Lawn Service,621 Sellers St E,Douglas,13069,Coffee County,GA,,12.0,Coastal,20060.0,"Douglas, GA",13500,1
1970-01-01 00:00:00.020200715,3774528110,Day'S Glass Service Llc,7153 Ga Hwy 32 W,Douglas,13069,Coffee County,GA,,12.0,Coastal,20060.0,"Douglas, GA",150000,1
1970-01-01 00:00:00.020200629,5693768000,Broxtron Package Store,1018 Alabama St North,Broxton,13069,Coffee County,GA,,12.0,Coastal,20060.0,"Douglas, GA",8600,1
1970-01-01 00:00:00.020200701,7095328007,Kevin Butler,929 Cherokee Hills Rd,Douglas,13069,Coffee County,GA,,12.0,Coastal,20060.0,"Douglas, GA",20000,1
1970-01-01 00:00:00.020200715,3944478101,C & S Fencing L.L.C.,1000 Trotter Rd,Douglas,13069,Coffee County,GA,,12.0,Coastal,20060.0,"Douglas, GA",25000,1
1970-01-01 00:00:00.020200715,3609418108,Reginald B Bailey,1201 E Ethel St,Douglas,13069,Coffee County,GA,,12.0,Coastal,20060.0,"Douglas, GA",40000,1
1970-01-01 00:00:00.020200715,3798518101,Trellis Elaine Hicks,1353 Edgewood Ave,Douglas,13069,Coffee County,GA,,12.0,Coastal,20060.0,"Douglas, GA",24000,1
1970-01-01 00:00:00.020200626,4887048000,"Tws Farms, Llc",211 Tim Smith Ln,Pearson,13003,Atkinson County,GA,,8.0,Coastal,20060.0,"Douglas, GA",117700,1
1970-01-01 00:00:00.020200713,2106498103,Don Harrell,1201 Green Hollow Run,Douglas,13069,Coffee County,GA,,12,Coastal,20060.0,"Douglas, GA",25000,1
1970-01-01 00:00:00.020200703,8212528002,Rosa Catering,916 Cypress St,Ambrose,13069,Coffee County,GA,,12,Coastal,20060.0,"Douglas, GA",8000,1
1970-01-01 00:00:00.020200714,3411348105,Jnj Blueberry Farms,155 Cherrywood Dr,Nichols,13069,Coffee County,GA,,1.0,Coastal,20060.0,"Douglas, GA",43800,1
1970-01-01 00:00:00.020200713,2599888110,Travis C Spikes,832 Spivey Bridge Rd,Axson,13003,Atkinson County,GA,,8.0,Coastal,20060.0,"Douglas, GA",19000,1
1970-01-01 00:00:00.020200701,7261148008,Braid By Zenobia,711 Pineview Dr,Douglas,13069,Coffee County,GA,,12.0,Coastal,20060.0,"Douglas, GA",5700,1
1970-01-01 00:00:00.020200714,3414088105,Allison Cleaning Maids,311 Jowers Crossing,Ambrose,13069,Coffee County,GA,,12.0,Coastal,20060.0,"Douglas, GA",1000,1
1970-01-01 00:00:00.020200723,7230928101,Kristy Wesley,621 Miller Road,Douglas,13069,Coffee County,GA,,12.0,Coastal,20060.0,"Douglas, GA",10000,1
1970-01-01 00:00:00.020200714,3388928103,Dorothy Newson,214 N. Broughton St. Trailor-B,Pearson,13003,Atkinson County,GA,,8.0,Coastal,20060.0,"Douglas, GA",22500,1
1970-01-01 00:00:00.020200709,1382458104,Zyneshia Wilson,1845 Old Columbus Rd,Willacoochee,13003,Atkinson County,GA,,12.0,Coastal,20060.0,"Douglas, GA",1200,1
1970-01-01 00:00:00.020200721,6228068110,Nephrology Group Llc,1001 Ward St W,Douglas,13069,Coffee County,GA,,12.0,Coastal,20060.0,"Douglas, GA",150000,1
1970-01-01 00:00:00.020200723,7563038103,Mt. Pleasant Poultry Llc,4508 Brooks Rd,Broxton,13069,Coffee County,GA,,12.0,Coastal,20060.0,"Douglas, GA",147200,1
1970-01-01 00:00:00.020200703,8075188010,Brenda Brockington,2478 Dolly Brock Rd,Douglas,13069,Coffee County,GA,31535,12.0,Coastal,20060.0,"Douglas, GA",17200,1
1970-01-01 00:00:00.020200713,2633078108,Lashonda Nicole Fletcher,"122 Bowens Mill Rd Se, Apt B5",Douglas,13069,Coffee County,GA,31533,12.0,Coastal,20060.0,"Douglas, GA",2400,1
1970-01-01 00:00:00.020200721,6518518101,Serafico Jaimes,349 Harbor Top Rd,Pearson,13003,Atkinson County,GA,31642,8.0,Coastal,20060.0,"Douglas, GA",127500,1
1970-01-01 00:00:00.020200717,4968388108,Lovie Mcveigh,1437 Highway 221 N,Douglas,13069,Coffee County,GA,31533,12.0,Coastal,20060.0,"Douglas, GA",23100,1
1970-01-01 00:00:00.020200720,5627358106,Storms Bakery,1308 Reed Avenue,Douglas,13069,Coffee County,GA,,12.0,Coastal,20060.0,"Douglas, GA",26200,1
1970-01-01 00:00:00.020200717,5015278105,Russell W Paulk,1570 Paulk Road,Willacoochee,13003,Atkinson County,GA,,8.0,Coastal,20060.0,"Douglas, GA",21000,1
1970-01-01 00:00:00.020200630,6688928000,Fortis Usa Inc,862 Bocage Dr,Douglas,13069,Coffee County,GA,,12.0,Coastal,20060.0,"Douglas, GA",4800,1
1970-01-01 00:00:00.020200715,3528448104,Gage Wilkerson Farms,84 Orange St,Ambrose,13069,Coffee County,GA,,12.0,Coastal,20060.0,"Douglas, GA",150000,1
1970-01-01 00:00:00.020200709,1406868104,Lil Mikes Family Restaurant,611 S Gaskin Ave,Douglas,13069,Coffee County,GA,,12.0,Coastal,20060.0,"Douglas, GA",120400,1
1970-01-01 00:00:00.020200716,4578528107,Little Lawn Service,713 East Sellers Street,Douglas,13069,Coffee County,GA,,12.0,Coastal,20060.0,"Douglas, GA",22500,1
1970-01-01 00:00:00.020200723,7106638100,Joyce Bland D/B/A Bland Grading,345 Old River Rd.,Broxton,13069,Coffee County,GA,,12.0,Coastal,20060.0,"Douglas, GA",124000,1
1970-01-01 00:00:00.020200709,1063918103,Exclusive Outfitters Llc,1304 Reed Avenue,Douglas,13069,Coffee County,GA,,12.0,Coastal,20060.0,"Douglas, GA",42600,1
1970-01-01 00:00:00.020200722,6788388110,Hennesy Corporation,711 Madison Ave N,Douglas,13069,Coffee County,GA,,12.0,Coastal,20060.0,"Douglas, GA",150000,1
1970-01-01 00:00:00.020200720,5944508107,Precious Jewels Early Learning Center,1805 Spooner Rd,Douglas,13069,Coffee County,GA,,12.0,Coastal,20060.0,"Douglas, GA",100000,1
1970-01-01 00:00:00.020200711,1868028104,"Family Life Christian Center, Inc",827 Bryan St E,Douglas,13069,Coffee County,GA,,12.0,Coastal,20060.0,"Douglas, GA",20000,1
1970-01-01 00:00:00.020200722,6679258107,Ycarte Health Career Center,1214 Peterson Ave N Ste A,Douglas,13069,Coffee County,GA,,12.0,Coastal,20060.0,"Douglas, GA",76000,1
1970-01-01 00:00:00.020200630,6449298004,Richard Bennett,112 Riverwood Dr,Douglas,13069,Coffee County,GA,,12.0,Coastal,20060.0,"Douglas, GA",75100,1
1970-01-01 00:00:00.020200713,2864438106,Myron Mckinnon,5001 Sunnyside Church Road,Pearson,13003,Atkinson County,GA,,8.0,Coastal,20060.0,"Douglas, GA",150000,1
1970-01-01 00:00:00.020200626,4812248007,"Rjg&B Enterprises,, Inc",933 Bowens Mill Rd Sw,Douglas,13069,Coffee County,GA,,12.0,Coastal,20060.0,"Douglas, GA",150000,1
1970-01-01 00:00:00.020200714,3493288103,Spivey Lawncare,2655 Us Highway 441 N Ste 2,Pearson,13003,Atkinson County,GA,,8.0,Coastal,20060.0,"Douglas, GA",2500,1
1970-01-01 00:00:00.020200723,7207328100,Tim Partin Trucking Llc,667 Old Nicholls Rd,Nichols,13069,Coffee County,GA,,12.0,Coastal,20060.0,"Douglas, GA",40500,1
1970-01-01 00:00:00.020200723,7613498100,Agnes Sanders,Route 2 Box 63A,Pearson,13003,Atkinson County,GA,,8.0,Coastal,20060.0,"Douglas, GA",4200,1
1970-01-01 00:00:00.020200715,3855988110,Danny D' Spicey Delicious Bbq Sauce,1430 Atkinson Blvd East,Pearson,13003,Atkinson County,GA,,8.0,Coastal,20060.0,"Douglas, GA",3800,1
1970-01-01 00:00:00.020200702,7683428009,Donna Wells,214 Broughton Street,Pearson,13003,Atkinson County,GA,,8.0,Coastal,20060.0,"Douglas, GA",24000,1
1970-01-01 00:00:00.020200707,9264148002,Hair Cravings,618 Roper Street,Douglas,13069,Coffee County,GA,,12.0,Coastal,20060.0,"Douglas, GA",35100,1
1970-01-01 00:00:00.020200720,5880598101,Start Fresh Corporation,611 Gaskin Ave S,Douglas,13069,Coffee County,GA,,12,Coastal,20060.0,"Douglas, GA",3500,1
1970-01-01 00:00:00.020200715,3870218100,Joe Ann Taylor,703 Baker Hwy E,Douglas,13069,Coffee County,GA,,12,Coastal,20060.0,"Douglas, GA",6000,1
1970-01-01 00:00:00.020200626,4701648006,"Medical Billing Services, Inc.",110 Bowens Mill Rd,Douglas,13069,Coffee County,GA,,12,Coastal,20060.0,"Douglas, GA",150000,1
1970-01-01 00:00:00.020200713,2967528101,Hobbs House,145 Burton Rd Lot 15,Douglas,13069,Coffee County,GA,31535,12,Coastal,20060.0,"Douglas, GA",1000,1
1970-01-01 00:00:00.020200721,6047988105,Tonya Paulk Harris,709 Mary St,Douglas,13069,Coffee County,GA,31533,12,Coastal,20060.0,"Douglas, GA",4000,1
1970-01-01 00:00:00.020200721,6096438100,Courtney & James Carpentry,285 Dees Rd Lot 7,Douglas,13069,Coffee County,GA,31533,12,Coastal,20060.0,"Douglas, GA",2500,1
1970-01-01 00:00:00.020200716,4143358105,Mario Jones,379 Willie Anderson Road,Nichols,13069,Coffee County,GA,31554,12,Coastal,20060.0,"Douglas, GA",5000,1
1970-01-01 00:00:00.020200716,4200298108,Jd'S Cleaning Service,512 S. Peterson Ave #183,Douglas,13069,Coffee County,GA,,12.0,Coastal,20060.0,"Douglas, GA",33400,1
1970-01-01 00:00:00.020200713,2584468110,Kent R. Paulk,909 S. Gaskin Ave,Douglas,13069,Coffee County,GA,,12.0,Coastal,20060.0,"Douglas, GA",32500,1
1970-01-01 00:00:00.020200721,6184848105,"Manning Properties, Llc",1201 Habersham Way,Douglas,13069,Coffee County,GA,,12.0,Coastal,20060.0,"Douglas, GA",5000,1
1970-01-01 00:00:00.020200702,8029488005,Mcb Mobile Rental,395 Palmetto Rd,Douglas,13069,Coffee County,GA,,12.0,Coastal,20060.0,"Douglas, GA",7300,1
1970-01-01 00:00:00.020200722,7002698102,"Branhill Plantation, Llc",660 Billy Davis Ln,Douglas,13069,Coffee County,GA,,12.0,Coastal,20060.0,"Douglas, GA",150000,1
1970-01-01 00:00:00.020200714,3494398103,Boler Cleaning Service,617 Roper Street,Douglas,13069,Coffee County,GA,,12.0,Coastal,20060.0,"Douglas, GA",1000,1
1970-01-01 00:00:00.020200714,3363038100,Ian Mizell,213 Minchew Rd,Axson,13003,Atkinson County,GA,,8.0,Coastal,20060.0,"Douglas, GA",150000,1
1970-01-01 00:00:00.020200721,6312308102,"Fitzgerald Family Eye Care, P.C.",1329 Ocilla Rd,Douglas,13069,Coffee County,GA,,12.0,Coastal,20060.0,"Douglas, GA",150000,1
1970-01-01 00:00:00.020200702,7813418005,Trajal Harrell,900B Martin Luther King Dr,Douglas,13069,Coffee County,GA,,12.0,Coastal,20060.0,"Douglas, GA",10700,1
1970-01-01 00:00:00.020200721,6299288103,"Southern Industrial Electric, Inc.",1238 Loyce Ln,Douglas,13069,Coffee County,GA,,12.0,Coastal,20060.0,"Douglas, GA",50000,1
1970-01-01 00:00:00.020200721,6199358103,Tevin Green,315 Wicker Drive,Douglas,13069,Coffee County,GA,,12.0,Coastal,20060.0,"Douglas, GA",8000,1
1970-01-01 00:00:00.020200721,6503578105,Steven Dey,906 Alabama Street North,Broxton,13069,Coffee County,GA,,12.0,Coastal,20060.0,"Douglas, GA",18400,1
1970-01-01 00:00:00.020200708,9675168002,Christinna Bussey,607 E Hunters Street,Douglas,13069,Coffee County,GA,,12.0,Coastal,20060.0,"Douglas, GA",2000,1
1970-01-01 00:00:00.020200722,6910818102,Herprettywigz Llc,112 Pinecrest Dr Apt 24,Douglas,13069,Coffee County,GA,,12.0,Coastal,20060.0,"Douglas, GA",1000,1
1970-01-01 00:00:00.020200713,2538178105,Contessa Streeter,900 Wheeler Avenue N. Apt. 805,Douglas,13069,Coffee County,GA,,12.0,Coastal,20060.0,"Douglas, GA",20000,1
1970-01-01 00:00:00.020200708,9916088004,Brockington Carriers,296 Brekenridge  Rd Lot 1,Douglas,13069,Coffee County,GA,31535,12.0,Coastal,20060.0,"Douglas, GA",43800,1
1970-01-01 00:00:00.020200723,7065458108,Colson Properties,299 E Meadow Loop,Nichols,13069,Coffee County,GA,31554,12.0,Coastal,20060.0,"Douglas, GA",25000,1
1970-01-01 00:00:00.020200722,6870448103,Tommy'S Car Care,1405 E Ward St,Douglas,13069,Coffee County,GA,31533,12.0,Coastal,20060.0,"Douglas, GA",26000,1
1970-01-01 00:00:00.020200717,4856808109,Swanson Trucking,1511 Mclean St.,Douglas,13069,Coffee County,GA,31533,12.0,Coastal,20060.0,"Douglas, GA",60300,1
1970-01-01 00:00:00.020200717,4783188100,Archies Haircare Salon,611 Gaskin Ave S,Douglas,13069,Coffee County,GA,31533,12.0,Coastal,20060.0,"Douglas, GA",150000,1
1970-01-01 00:00:00.020200709,1159738102,Jercandiya Mccoggle,5890 Antioch Church Rd,Willacoochee,13003,Atkinson County,GA,,8.0,Coastal,20060.0,"Douglas, GA",16000,1
1970-01-01 00:00:00.020200717,4639698106,Shamille N Howard,803 Williams St.,Douglas,13069,Coffee County,GA,,12.0,Coastal,20060.0,"Douglas, GA",5000,1
1970-01-01 00:00:00.020200707,9312938009,Ljr Harvesting,63 Flight Lane,Pearson,13003,Atkinson County,GA,,8.0,Coastal,20060.0,"Douglas, GA",150000,1
1970-01-01 00:00:00.020200714,3365828105,James Victor Paulk,1599 Ambrose Road,Ambrose,13069,Coffee County,GA,,12.0,Coastal,20060.0,"Douglas, GA",150000,1
1970-01-01 00:00:00.020200714,3065998108,Patrick A Nolan,1555 Harvey Vickers Rd,Douglas,13069,Coffee County,GA,,12.0,Coastal,20060.0,"Douglas, GA",150000,1
1970-01-01 00:00:00.020200723,7293678106,Harper'S Advertising & More,443 Cherokee Hills Rd,Douglas,13069,Coffee County,GA,,12.0,Coastal,20060.0,"Douglas, GA",8300,1
1970-01-01 00:00:00.020200723,7427608103,David Thompson,704 Sessom Ave,Nichols,13069,Coffee County,GA,,12.0,Coastal,20060.0,"Douglas, GA",24900,1
1970-01-01 00:00:00.020200717,4694198101,Daniel Henry Fletcher,1607 Mark Mobley Road,West Green,13069,Coffee County,GA,,12.0,Coastal,20060.0,"Douglas, GA",25000,1
1970-01-01 00:00:00.020200717,4834888110,Smith Lawn Service,300 Sleepy Hollow Rd Lot 48,Douglas,13069,Coffee County,GA,,12.0,Coastal,20060.0,"Douglas, GA",2400,1
1970-01-01 00:00:00.020200717,4769818103,Tim Williams,6109 Sunnyside Church Rd,Pearson,13003,Atkinson County,GA,,8.0,Coastal,20060.0,"Douglas, GA",44600,1
1970-01-01 00:00:00.020200707,9100118008,"Sweet Angels Logistics, Llc",201 Old Fitzgerald Rd,Broxton,13069,Coffee County,GA,,12.0,Coastal,20060.0,"Douglas, GA",78200,1
1970-01-01 00:00:00.020200701,7116058009,"Larry English Properties, Llc",2080 Ga Hwy 64,Nichols,13069,Coffee County,GA,,12.0,Coastal,20060.0,"Douglas, GA",19600,1
1970-01-01 00:00:00.020200707,9428418008,Bway Transportation Llc,1004 Lucy Moore Rd,Nichols,13069,Coffee County,GA,,12.0,Coastal,20060.0,"Douglas, GA",43000,1
1970-01-01 00:00:00.020200720,5974828110,"B&H Trucking, Llc",660 Billy Davis Ln,Douglas,13069,Coffee County,GA,,12.0,Coastal,20060.0,"Douglas, GA",150000,1
1970-01-01 00:00:00.020200709,1383338105,Gregory Powell,274 Edward Ave,Pearson,13003,Atkinson County,GA,,8.0,Coastal,20060.0,"Douglas, GA",18000,1
1970-01-01 00:00:00.020200723,7304778108,Shree Sai Shree Llc,1610 Peterson Ave S,Douglas,13069,Coffee County,GA,,12.0,Coastal,20060.0,"Douglas, GA",150000,1
1970-01-01 00:00:00.020200720,5613408107,Kreative Intentions,130 Harvey Smith Rd,Ambrose,13069,Coffee County,GA,,12.0,Coastal,20060.0,"Douglas, GA",5400,1
1970-01-01 00:00:00.020200717,4879038106,"Redhead Vending, Llc",410 Thompson Dr,Douglas,13069,Coffee County,GA,31535,12.0,Coastal,20060.0,"Douglas, GA",150000,1
1970-01-01 00:00:00.020200707,9458488008,Uniquely Southern Boutique,898 N Main Street,Pearson,13003,Atkinson County,GA,31642,8.0,Coastal,20060.0,"Douglas, GA",65800,1
1970-01-01 00:00:00.020200720,5852028108,Angela B Marx,401 West Green Rd,Douglas,13069,Coffee County,GA,31533,12.0,Coastal,20060.0,"Douglas, GA",15000,1
1970-01-01 00:00:00.020200723,7388268104,"Jonathon Holliday Agency, Llc",1905 Greenview Dr.,Douglas,13069,Coffee County,GA,31533,12.0,Coastal,20060.0,"Douglas, GA",6000,1
1970-01-01 00:00:00.020200720,5574898110,Stacey Jerel Williams Jr,300 Sleepy Hollow Rd,Douglas,13069,Coffee County,GA,31535,12.0,Coastal,20060.0,"Douglas, GA",2800,1
1970-01-01 00:00:00.020200720,6000008107,Teri French,3174 Fitzgerald Hwy,Broxton,13069,Coffee County,GA,31519,12.0,Coastal,20060.0,"Douglas, GA",33000,1
1970-01-01 00:00:00.020200706,8998558001,Cynthia Smith,500 North Coffee Streetr,Nichols,13069,Coffee County,GA,31554,12.0,Coastal,20060.0,"Douglas, GA",3800,1
1970-01-01 00:00:00.020200720,5763728104,Elijah Lewis Youngblood,199 Hidden Oaks Lanw,Pearson,13003,Atkinson County,GA,31642,8.0,Coastal,20060.0,"Douglas, GA",36500,1
1970-01-01 00:00:00.020200717,4901388103,Kem Mckinnon,149 Macs Landing,Douglas,13069,Coffee County,GA,31535,12.0,Coastal,20060.0,"Douglas, GA",119000,1
1970-01-01 00:00:00.020200713,2376788107,Lakisha Northcutt,87 S Meadow Dr,Nichols,13069,Coffee County,GA,31554,12.0,Coastal,20060.0,"Douglas, GA",1000,1
1970-01-01 00:00:00.020200720,5719408105,Donnie Tanner,2222 Fales Road,Douglas,13069,Coffee County,GA,31535,12.0,Coastal,20060.0,"Douglas, GA",59300,1
1970-01-01 00:00:00.020200711,1807008105,Nicholas Moore,1007 Ellis St,Broxton,13069,Coffee County,GA,,12.0,Coastal,20060.0,"Douglas, GA",12500,1
1970-01-01 00:00:00.020200721,6082658106,Darrell Merritt,30 Troupe Rd,Douglas,13069,Coffee County,GA,,12.0,Coastal,20060.0,"Douglas, GA",78700,1
1970-01-01 00:00:00.020200717,4992608102,Pull Time,8778 Hwy 441 North,Broxton,13069,Coffee County,GA,,12.0,Coastal,20060.0,"Douglas, GA",20000,1
1970-01-01 00:00:00.020200709,1166018107,Maurice Leonard Hill,99 Candlelight Lane,Willacoochee,13003,Atkinson County,GA,,12.0,Coastal,20060.0,"Douglas, GA",2300,1
1970-01-01 00:00:00.020200722,6992058102,Grace Land Farms Llc,142 Flint Rd,Nichols,13069,Coffee County,GA,,1.0,Coastal,20060.0,"Douglas, GA",32700,1
1970-01-01 00:00:00.020200716,4465898106,"Sims International Enterprise, Llc",713 Kennedy Circle,Douglas,13069,Coffee County,GA,,12.0,Coastal,20060.0,"Douglas, GA",23900,1
1970-01-01 00:00:00.020200716,4231248107,Shear Madness Salon,1380 West Baker Hwy,Douglas,13069,Coffee County,GA,31533,12.0,Coastal,20060.0,"Douglas, GA",9500,1
1970-01-01 00:00:00.020200717,4987188102,Jacqueline Jones,148 Quail Hollow Rd,Douglas,13069,Coffee County,GA,31533,12.0,Coastal,20060.0,"Douglas, GA",19000,1
1970-01-01 00:00:00.020200722,6878958108,The Golf & Country Club Of Douglas,Golf Club Road,Douglas,13069,Coffee County,GA,31533,12.0,Coastal,20060.0,"Douglas, GA",150000,1
1970-01-01 00:00:00.020200718,5238608105,Ida Thelma Guyton,985 Bay Meadows Drive East,Douglas,13069,Coffee County,GA,,12.0,Coastal,20060.0,"Douglas, GA",10300,1
1970-01-01 00:00:00.020200718,5344968101,Jc Boler Jr,91 Hilltop Rd,Douglas,13069,Coffee County,GA,,12.0,Coastal,20060.0,"Douglas, GA",17400,1
1970-01-01 00:00:00.020200718,5154748104,"Jewish Manning, Sr",200 Eastman Paulk Rd,Ambrose,13069,Coffee County,GA,,12.0,Coastal,20060.0,"Douglas, GA",7500,1
1970-01-01 00:00:00.020200718,5415828103,Jeffrey Pridgen,376 Sam Jones Road,Broxton,13069,Coffee County,GA,,12.0,Coastal,20060.0,"Douglas, GA",150000,1
1970-01-01 00:00:00.020200720,5421618106,Elton D. Brooks,1474 Broxton-West Green Hwy,Broxton,13069,Coffee County,GA,,12.0,Coastal,20060.0,"Douglas, GA",150000,1
1970-01-01 00:00:00.020200722,6603508103,Nickolas Thompson,1408 Green Ave,Douglas,13069,Coffee County,GA,,12,Coastal,20060.0,"Douglas, GA",47300,1
1970-01-01 00:00:00.020200722,6774908110,Herring'S Tax Service,327 Pinecrest Dr,Douglas,13069,Coffee County,GA,,12,Coastal,20060.0,"Douglas, GA",11000,1
